date,home_team,away_team
2025-07-19 00:00,SpVgg Ansbach,1. FC Nurnberg II
2025-07-19 00:00,1. FC Schweinfurt 05,TSV Aubstadt
2025-07-19 00:00,TSV Schwaben Augsburg,Viktoria Aschaffenburg
2025-07-20 00:00,Turkgucu Munchen,Wurzburger Kickers
2025-07-20 00:00,SpVgg Greuther Furth II,Augsburg II
2025-07-20 00:00,SpVgg Bayreuth,TSV Buchbach
2025-07-20 00:00,FV Illertissen,DJK Vilzing
2025-07-20 00:00,Eintracht Bamberg,SpVgg Hankofen-Hailing
2025-07-25 00:00,RSC Anderlecht,KVC Westerlo
2025-07-25 00:00,KRC Genk,Royal Antwerp
2025-07-25 00:00,RAAL La Louviere,Sporting Charleroi
2025-07-25 00:00,SV Zulte Waregem,Oud-Heverlee Leuven
2025-07-25 00:00,KRC Genk,Union Saint-Gilloise
2025-07-25 00:00,KAA Gent,Club Brugge KV
2025-07-25 00:00,Royal Antwerp,KAA Gent
2025-07-25 00:00,Sint-Truidense VV,KRC Genk
2025-07-25 00:00,Oud-Heverlee Leuven,Standard Liège
2025-07-25 00:00,Royal Antwerp,KV Mechelen
2025-07-25 00:00,FCV Dender EH,RSC Anderlecht
2025-07-25 00:00,KVC Westerlo,KRC Genk
2025-07-25 00:00,FCV Dender EH,Cercle Brugge
2025-07-25 00:00,Royal Antwerp,Club Brugge KV
2025-07-25 00:00,Cercle Brugge,KRC Genk
2025-07-25 00:00,Standard Liège,Royal Antwerp
2025-07-25 00:00,Cercle Brugge,Sporting Charleroi
2025-07-25 00:00,KVC Westerlo,SV Zulte Waregem
2025-07-25 00:00,Cercle Brugge,RSC Anderlecht
2025-07-25 00:00,Club Brugge KV,Cercle Brugge
2025-07-25 00:00,RSC Anderlecht,SV Zulte Waregem
2025-07-25 00:00,SV Zulte Waregem,Club Brugge KV
2025-07-25 00:00,KV Mechelen,RAAL La Louviere
2025-07-25 00:00,RSC Anderlecht,Standard Liège
2025-07-25 00:00,Union Saint-Gilloise,Oud-Heverlee Leuven
2025-07-25 00:00,Oud-Heverlee Leuven,Club Brugge KV
2025-07-25 00:00,Club Brugge KV,FCV Dender EH
2025-07-25 00:00,SV Zulte Waregem,Union Saint-Gilloise
2025-07-25 00:00,SV Zulte Waregem,KV Mechelen
2025-07-25 00:00,Oud-Heverlee Leuven,RAAL La Louviere
2025-07-25 00:00,SV Zulte Waregem,Royal Antwerp
2025-07-25 00:00,Club Brugge KV,KRC Genk
2025-07-25 00:00,KV Mechelen,Sint-Truidense VV
2025-07-25 00:00,KRC Genk,FCV Dender EH
2025-07-25 00:00,RAAL La Louviere,KVC Westerlo
2025-07-25 00:00,FCV Dender EH,KV Mechelen
2025-07-25 00:00,KVC Westerlo,FCV Dender EH
2025-07-25 00:00,Cercle Brugge,SV Zulte Waregem
2025-07-25 00:00,Sporting Charleroi,SV Zulte Waregem
2025-07-25 00:00,Oud-Heverlee Leuven,KAA Gent
2025-07-25 00:00,Standard Liège,FCV Dender EH
2025-07-25 00:00,KVC Westerlo,KV Mechelen
2025-07-25 00:00,KV Mechelen,KAA Gent
2025-07-25 00:00,Standard Liège,Cercle Brugge
2025-07-25 00:00,KVC Westerlo,Royal Antwerp
2025-07-25 00:00,FCV Dender EH,Union Saint-Gilloise
2025-07-25 00:00,Cercle Brugge,KAA Gent
2025-07-25 00:00,Standard Liège,Club Brugge KV
2025-07-25 00:00,KVC Westerlo,Standard Liège
2025-07-25 00:00,KV Mechelen,Oud-Heverlee Leuven
2025-07-25 00:00,Oud-Heverlee Leuven,Sporting Charleroi
2025-07-25 00:00,KRC Genk,RAAL La Louviere
2025-07-25 00:00,RAAL La Louviere,SV Zulte Waregem
2025-07-25 00:00,KRC Genk,SV Zulte Waregem
2025-07-25 00:00,RAAL La Louviere,Union Saint-Gilloise
2025-07-25 00:00,Union Saint-Gilloise,RSC Anderlecht
2025-07-25 00:00,RSC Anderlecht,KRC Genk
2025-07-25 00:00,Club Brugge KV,Sint-Truidense VV
2025-07-25 00:00,Royal Antwerp,Oud-Heverlee Leuven
2025-07-25 00:00,Club Brugge KV,Union Saint-Gilloise
2025-07-25 00:00,Sint-Truidense VV,RAAL La Louviere
2025-07-25 00:00,Sint-Truidense VV,Royal Antwerp
2025-07-25 00:00,Sint-Truidense VV,KAA Gent
2025-07-25 00:00,Sporting Charleroi,Sint-Truidense VV
2025-07-25 00:00,RAAL La Louviere,Club Brugge KV
2025-07-25 00:00,Sporting Charleroi,KV Mechelen
2025-07-25 00:00,KVC Westerlo,Oud-Heverlee Leuven
2025-07-25 00:00,1. FC Nurnberg II,SpVgg Bayreuth
2025-07-25 00:00,FCV Dender EH,Oud-Heverlee Leuven
2025-07-25 00:00,Union Saint-Gilloise,Sint-Truidense VV
2025-07-25 00:00,SV Zulte Waregem,KAA Gent
2025-07-25 00:00,RAAL La Louviere,Cercle Brugge
2025-07-25 00:00,FCV Dender EH,RAAL La Louviere
2025-07-25 00:00,KV Mechelen,Cercle Brugge
2025-07-25 00:00,Sint-Truidense VV,KVC Westerlo
2025-07-25 00:00,Standard Liège,KRC Genk
2025-07-25 00:00,KRC Genk,Sporting Charleroi
2025-07-25 00:00,Cercle Brugge,KVC Westerlo
2025-07-25 00:00,RSC Anderlecht,KAA Gent
2025-07-25 00:00,Sint-Truidense VV,RSC Anderlecht
2025-07-25 00:00,Royal Antwerp,Union Saint-Gilloise
2025-07-25 00:00,Sporting Charleroi,Royal Antwerp
2025-07-25 00:00,RAAL La Louviere,Standard Liège
2025-07-25 00:00,KV Mechelen,Club Brugge KV
2025-07-25 00:00,KAA Gent,Union Saint-Gilloise
2025-07-25 00:00,Club Brugge KV,KVC Westerlo
2025-07-25 00:00,Oud-Heverlee Leuven,KRC Genk
2025-07-25 00:00,Union Saint-Gilloise,Standard Liège
2025-07-25 00:00,SV Zulte Waregem,Sint-Truidense VV
2025-07-25 00:00,Cercle Brugge,Sint-Truidense VV
2025-07-25 00:00,Sporting Charleroi,FCV Dender EH
2025-07-25 00:00,Standard Liège,KV Mechelen
2025-07-25 00:00,KAA Gent,RAAL La Louviere
2025-07-25 00:00,Sint-Truidense VV,FCV Dender EH
2025-07-25 00:00,RSC Anderlecht,Royal Antwerp
2025-07-25 00:00,Oud-Heverlee Leuven,RSC Anderlecht
2025-07-25 00:00,Union Saint-Gilloise,KVC Westerlo
2025-07-25 00:00,KAA Gent,Sporting Charleroi
2025-07-25 00:00,Royal Antwerp,Cercle Brugge
2025-07-25 00:00,Union Saint-Gilloise,Sporting Charleroi
2025-07-25 00:00,Sporting Charleroi,RSC Anderlecht
2025-07-25 00:00,RSC Anderlecht,KV Mechelen
2025-07-25 00:00,KAA Gent,Standard Liège
2025-07-25 00:00,Standard Liège,Sporting Charleroi
2025-07-25 00:00,KAA Gent,FCV Dender EH
2025-07-26 00:00,TSV Buchbach,Eintracht Bamberg
2025-07-26 00:00,Viktoria Aschaffenburg,Wacker Burghausen
2025-07-26 00:00,Augsburg II,FV Illertissen
2025-07-26 00:00,SpVgg Hankofen-Hailing,1. FC Schweinfurt 05
2025-07-26 00:00,TSV Aubstadt,SpVgg Greuther Furth II
2025-07-26 00:00,Bayern Munchen II,SpVgg Ansbach
2025-07-26 00:00,Wurzburger Kickers,TSV Schwaben Augsburg
2025-07-26 00:00,BFC Dynamo,Carl Zeiss Jena
2025-07-26 00:00,FSV 63 Luckenwalde,ZFC Meuselwitz
2025-07-27 00:00,SV Meppen,Weiche Flensburg 08
2025-07-27 00:00,Rot-Weiß Erfurt,Eilenburg
2025-07-27 00:00,Stuttgarter Kickers,Eintracht Frankfurt II
2025-07-27 00:00,Bahlinger SC,Gießen
2025-07-27 00:00,DJK Vilzing,Turkgucu Munchen
2025-07-27 00:00,BSG Chemie Leipzig,SV Babelsberg 03
2025-07-27 00:00,Hertha Zehlendorf,FSV Zwickau
2025-07-27 00:00,SG Barockstadt Fulda-Lehnerz,Villingen
2025-07-27 00:00,SC Freiburg II,Kickers Offenbach
2025-07-27 00:00,FSV Frankfurt,TSV Steinbach Haiger
2025-07-27 00:00,Rot-Weiß Oberhausen,Bor. Monchengladbach II
2025-07-27 00:00,Fortuna Dusseldorf II,1. FC Bocholt
2025-07-27 00:00,SC Paderborn 07 II,1. FC Duren
2025-07-27 00:00,SC Wiedenbruck,Schalke 04 II
2025-07-27 00:00,SSV Jeddeloh II,St. Pauli II
2025-07-27 00:00,SGV Freiberg,Goppinger SV
2025-07-27 00:00,Fortuna Koln,SV Rodinghausen
2025-07-27 00:00,Hoffenheim II,FC-Astoria Walldorf
2025-07-27 00:00,Eintracht Hohkeppel,1. FC Koln II
2025-07-28 00:00,Greifswalder,Hertha BSC II
2025-07-28 00:00,Eintracht Norderstedt,VfB Oldenburg
2025-07-28 00:00,VSG Altglienicke,1. FC Lok Leipzig
2025-07-28 00:00,Teutonia 05,Blau-Weiß Lohne
2025-07-28 00:00,VFC Plauen,Viktoria 1889 Berlin
2025-07-28 00:00,Bremer SV,Hamburger SV II
2025-07-28 00:00,SV Drochtersen/Assel,Holstein Kiel II
2025-07-28 00:00,1. FSV Mainz 05 II,Hessen Kassel
2025-07-28 00:00,TSV Havelse,Werder Bremen II
2025-08-02 00:00,SV Darmstadt 98,VfL Bochum
2025-08-02 00:00,Waldhof Mannheim,SC Verl
2025-08-02 00:00,SV 07 Elversberg,1. FC Nurnberg
2025-08-02 00:00,SC Paderborn 07,Holstein Kiel
2025-08-02 00:00,Karlsruher SC,Preußen Munster
2025-08-02 00:00,Ingolstadt 04,Jahn Regensburg
2025-08-02 00:00,MSV Duisburg,VfB Stuttgart II
2025-08-02 00:00,Arminia Bielefeld,Fortuna Dusseldorf
2025-08-02 00:00,VfL Osnabruck,Alemannia Aachen
2025-08-02 00:00,Hoffenheim II,TSV Havelse
2025-08-02 00:00,Energie Cottbus,1. FC Saarbrucken
2025-08-03 00:00,Hannover 96,1. FC Kaiserslautern
2025-08-03 00:00,SV Wehen Wiesbaden,SSV Ulm 1846
2025-08-03 00:00,Erzgebirge Aue,Hansa Rostock
2025-08-03 00:00,Viktoria Koln,1. FC Schweinfurt 05
2025-08-03 00:00,SpVgg Greuther Furth,Dynamo Dresden
2025-08-03 00:00,1. FC Magdeburg,Eintracht Braunschweig
2025-08-08 00:00,1. FC Nurnberg,SV Darmstadt 98
2025-08-08 00:00,Preußen Munster,SC Paderborn 07
2025-08-08 00:00,1. FC Schweinfurt 05,Energie Cottbus
2025-08-09 00:00,SSV Ulm 1846,Erzgebirge Aue
2025-08-09 00:00,1. FC Saarbrucken,Viktoria Koln
2025-08-09 00:00,Southampton,Wrexham AFC
2025-08-09 00:00,Charlton Athletic,Watford
2025-08-09 00:00,TSV 1860 Munchen,VfL Osnabruck
2025-08-09 00:00,Eintracht Braunschweig,SpVgg Greuther Furth
2025-08-09 00:00,TSV Havelse,Rot-Weiss Essen
2025-08-09 00:00,Middlesbrough,Swansea City AFC
2025-08-09 00:00,Fortuna Dusseldorf,Hannover 96
2025-08-09 00:00,Dynamo Dresden,1. FC Magdeburg
2025-08-09 00:00,Coventry City,Hull City AFC
2025-08-09 00:00,Alemannia Aachen,Hoffenheim II
2025-08-09 00:00,Queens Park Rangers,Preston North End
2025-08-09 00:00,West Bromwich Albion,Blackburn Rovers
2025-08-09 00:00,SC Verl,SV Wehen Wiesbaden
2025-08-09 00:00,Stoke City,Derby County
2025-08-09 00:00,CD Nacional,Gil Vicente
2025-08-09 00:00,Norwich City,Millwall
2025-08-09 00:00,1. FC Kaiserslautern,Schalke
2025-08-09 00:00,Arouca,AVS
2025-08-09 00:00,Antalya,Kasimpasa
2025-08-09 00:00,Oxford United,Portsmouth
2025-08-09 00:00,Samsun,Genclerbirligi
2025-08-09 00:00,Sheffield United,Bristol City
2025-08-10 00:00,Leicester,Sheffield Wednesday
2025-08-10 00:00,Hansa Rostock,Waldhof Mannheim
2025-08-10 00:00,Holstein Kiel,Arminia Bielefeld
2025-08-10 00:00,VfL Bochum,SV 07 Elversberg
2025-08-10 00:00,Hertha BSC,Karlsruher SC
2025-08-10 00:00,Jahn Regensburg,MSV Duisburg
2025-08-10 00:00,Eyup,Konya
2025-08-10 00:00,Moreirense,Alverca
2025-08-10 00:00,Rize,Goztepe
2025-08-10 00:00,Famalicão,CD Santa Clara
2025-08-10 00:00,VfB Stuttgart II,Ingolstadt 04
2025-08-10 00:00,Sporting Clube de Braga,CD Tondela
2025-08-11 00:00,Porto,Vitoria Guimarães
2025-08-11 00:00,Trabzon,Kocaelispor
2025-08-11 00:00,Amiens SC,Stade de Reims
2025-08-11 00:00,GD Estoril Praia,CF Estrela da Amadora
2025-08-15 00:00,Grenoble Foot 38,Stade Lavallois
2025-08-15 00:00,Galatasaray,Karagumruk
2025-08-15 00:00,AVS,Casa Pia
2025-08-15 00:00,SC Bastia,Pau
2025-08-15 00:00,Red Star,Amiens SC
2025-08-15 00:00,Nancy Lorraine,US Boulogne
2025-08-15 00:00,Clermont Foot 63,ESTAC Troyes
2025-08-16 00:00,CD Tondela,Famalicão
2025-08-16 00:00,Wrexham AFC,West Bromwich Albion
2025-08-16 00:00,Annecy,USL Dunkerque
2025-08-16 00:00,Brighton,Fulham
2025-08-16 00:00,Blackburn Rovers,Birmingham City
2025-08-16 00:00,Stade de Reims,EA Guingamp
2025-08-16 00:00,Tottenham,Burnley
2025-08-16 00:00,Derby County,Coventry City
2025-08-16 00:00,Preston North End,Leicester
2025-08-16 00:00,Sheffield Wednesday,Stoke City
2025-08-16 00:00,Swansea City AFC,Sheffield United
2025-08-16 00:00,Sunderland AFC,West Ham
2025-08-16 00:00,Bristol City,Charlton Athletic
2025-08-16 00:00,Portsmouth,Norwich City
2025-08-16 00:00,Millwall,Middlesbrough
2025-08-16 00:00,Aston Villa,Newcastle
2025-08-16 00:00,Valencia,Real Sociedad de Futbol
2025-08-16 00:00,Watford,Queens Park Rangers
2025-08-16 00:00,Racing Santander,CD Castellon
2025-08-16 00:00,Kocaelispor,Samsun
2025-08-16 00:00,Vitoria Guimarães,GD Estoril Praia
2025-08-16 00:00,Monaco,Le Havre
2025-08-16 00:00,RCD Mallorca,Barcelona
2025-08-16 00:00,Wolves,Manchester City
2025-08-16 00:00,Alanya,Rize
2025-08-16 00:00,Malaga,SD Eibar
2025-08-16 00:00,Racing Club de Lens,Olympique Lyonnais
2025-08-16 00:00,Goztepe,Fenerbahce
2025-08-16 00:00,OGC Nice,Toulouse
2025-08-16 00:00,Deportivo Alaves,Levante UD
2025-08-16 00:00,Granada,Deportivo La Coruña
2025-08-16 00:00,Saint-Étienne,Rodez AF
2025-08-16 00:00,CF Estrela da Amadora,Sport Lisboa e Benfica
2025-08-17 00:00,Angers SCO,Paris
2025-08-17 00:00,Nottingham Forest,Brentford
2025-08-17 00:00,Chelsea,Crystal Palace
2025-08-17 00:00,Hull City AFC,Oxford United
2025-08-17 00:00,Stade Brestois 29,Lille OSC
2025-08-17 00:00,RC Celta de Vigo,Getafe
2025-08-17 00:00,Rio Ave,CD Nacional
2025-08-17 00:00,Ipswich Town,Southampton
2025-08-17 00:00,Manchester Utd,Arsenal
2025-08-17 00:00,Sporting Clube de Portugal,Arouca
2025-08-17 00:00,Metz,RC Strasbourg Alsace
2025-08-17 00:00,Real Sociedad B,Real Zaragoza
2025-08-17 00:00,Besiktas,Eyup
2025-08-17 00:00,Athletic Club,Sevilla
2025-08-17 00:00,Konya,Gaziantep
2025-08-17 00:00,Alverca,Sporting Clube de Braga
2025-08-17 00:00,CD Santa Clara,Moreirense
2025-08-17 00:00,Genclerbirligi,Antalya
2025-08-17 00:00,Cadiz,CD Mirandes
2025-08-17 00:00,AJ Auxerre,Lorient
2025-08-17 00:00,SD Huesca,CD Leganes
2025-08-17 00:00,Basaksehir,ayserispor
2025-08-17 00:00,UD Las Palmas,Andorra
2025-08-17 00:00,Nantes,Paris Saint-Germain
2025-08-17 00:00,RCD Espanyol de Barcelona,Club Atletico de Madrid
2025-08-18 00:00,Kasimpasa,Trabzon
2025-08-18 00:00,Gil Vicente,Porto
2025-08-18 00:00,Leeds United,Everton
2025-08-18 00:00,Elche,Real Betis Balompie
2025-08-18 00:00,UD Almeria,Albacete
2025-08-18 00:00,Le Mans,Montpellier HSC
2025-08-18 00:00,Sporting Gijon,Cordoba
2025-08-19 00:00,Real Madrid,CA Osasuna
2025-08-22 00:00,Le Mans,SC Bastia
2025-08-22 00:00,SV Wehen Wiesbaden,Rot-Weiss Essen
2025-08-22 00:00,Clermont Foot 63,Grenoble Foot 38
2025-08-22 00:00,SD Eibar,Granada
2025-08-22 00:00,Amiens SC,Annecy
2025-08-22 00:00,SV 07 Elversberg,1. FC Kaiserslautern
2025-08-22 00:00,Rodez AF,Stade Lavallois
2025-08-22 00:00,Preußen Munster,1. FC Nurnberg
2025-08-22 00:00,West Ham,Chelsea
2025-08-22 00:00,Karagumruk,Goztepe
2025-08-22 00:00,CD Castellon,Real Valladolid
2025-08-22 00:00,USL Dunkerque,Nancy Lorraine
2025-08-22 00:00,CD Leganes,Cadiz
2025-08-22 00:00,Paris Saint-Germain,Angers SCO
2025-08-22 00:00,Real Betis Balompie,Deportivo Alaves
2025-08-22 00:00,Derby County,Bristol City
2025-08-23 00:00,Hull City AFC,Blackburn Rovers
2025-08-23 00:00,SC Paderborn 07,Fortuna Dusseldorf
2025-08-23 00:00,Karlsruher SC,Eintracht Braunschweig
2025-08-23 00:00,VfL Osnabruck,1. FC Saarbrucken
2025-08-23 00:00,Swansea City AFC,Watford
2025-08-23 00:00,MSV Duisburg,SSV Ulm 1846
2025-08-23 00:00,Burnley,Sunderland AFC
2025-08-23 00:00,Jahn Regensburg,1. FC Schweinfurt 05
2025-08-23 00:00,Norwich City,Middlesbrough
2025-08-23 00:00,VfB Stuttgart II,SC Verl
2025-08-23 00:00,Manchester City,Tottenham
2025-08-23 00:00,Hannover 96,1. FC Magdeburg
2025-08-23 00:00,AFC Bournemouth,Wolves
2025-08-23 00:00,Hoffenheim II,Energie Cottbus
2025-08-23 00:00,Frankfurt,SV Werder Bremen
2025-08-23 00:00,Brentford,Aston Villa
2025-08-23 00:00,Coventry City,Queens Park Rangers
2025-08-23 00:00,Southampton,Stoke City
2025-08-23 00:00,Birmingham City,Oxford United
2025-08-23 00:00,Preston North End,Ipswich Town
2025-08-23 00:00,Sheffield United,Millwall
2025-08-23 00:00,West Bromwich Albion,Portsmouth
2025-08-23 00:00,Wrexham AFC,Sheffield Wednesday
2025-08-23 00:00,ESTAC Troyes,Montpellier HSC
2025-08-23 00:00,EA Guingamp,Red Star
2025-08-23 00:00,Charlton Athletic,Leicester
2025-08-23 00:00,Alemannia Aachen,TSV 1860 Munchen
2025-08-23 00:00,Moreirense,Vitoria Guimarães
2025-08-23 00:00,Real Zaragoza,Andorra
2025-08-23 00:00,Empoli,Calcio Padova
2025-08-23 00:00,CD Nacional,Sporting Clube de Portugal
2025-08-23 00:00,AD Ceuta,Sporting Gijon
2025-08-23 00:00,Olympique de Marseille,Paris
2025-08-23 00:00,CD Mirandes,SD Huesca
2025-08-23 00:00,RCD Mallorca,RC Celta de Vigo
2025-08-23 00:00,Virtus Entella,Juve Stabia
2025-08-23 00:00,1. FC Heidenheim 1846,VfL Wolfsburg
2025-08-23 00:00,1. FC Union Berlin,Stuttgart
2025-08-23 00:00,St. Pauli 1910,Dortmund
2025-08-23 00:00,SC Freiburg,Augsburg
2025-08-23 00:00,US Boulogne,Saint-Étienne
2025-08-23 00:00,Leverkusen,TSG 1899 Hoffenheim
2025-08-23 00:00,OGC Nice,AJ Auxerre
2025-08-23 00:00,Schalke,VfL Bochum
2025-08-23 00:00,Gaziantep,Genclerbirligi
2025-08-23 00:00,Monza,Mantova 1911 SSD
2025-08-23 00:00,Arsenal,Leeds United
2025-08-23 00:00,Palermo,Reggiana 1919
2025-08-23 00:00,Club Atletico de Madrid,Elche
2025-08-23 00:00,Levante UD,Barcelona
2025-08-23 00:00,Sport Lisboa e Benfica,CD Tondela
2025-08-23 00:00,Fenerbahce,Kocaelispor
2025-08-23 00:00,Olympique Lyonnais,Metz
2025-08-23 00:00,Arouca,Rio Ave
2025-08-24 00:00,Spezia Calcio,Carrarese Calcio
2025-08-24 00:00,1. FSV Mainz 05,1. FC Koln
2025-08-24 00:00,Ingolstadt 04,Hansa Rostock
2025-08-24 00:00,SpVgg Greuther Furth,Holstein Kiel
2025-08-24 00:00,Arminia Bielefeld,Dynamo Dresden
2025-08-24 00:00,Everton,Brighton
2025-08-24 00:00,Toulouse,Stade Brestois 29
2025-08-24 00:00,Erzgebirge Aue,TSV Havelse
2025-08-24 00:00,Fulham,Manchester Utd
2025-08-24 00:00,CA Osasuna,Valencia
2025-08-24 00:00,Le Havre,Racing Club de Lens
2025-08-24 00:00,RC Strasbourg Alsace,Nantes
2025-08-24 00:00,SV Darmstadt 98,Hertha BSC
2025-08-24 00:00,Famalicão,Gil Vicente
2025-08-24 00:00,Deportivo La Coruña,Burgos
2025-08-24 00:00,Crystal Palace,Nottingham Forest
2025-08-24 00:00,Lorient,Stade Rennais FC 1901
2025-08-24 00:00,Monchengladbach,Hamburger SV
2025-08-24 00:00,Real Sociedad de Futbol,RCD Espanyol de Barcelona
2025-08-24 00:00,Villarreal,Girona
2025-08-24 00:00,Atalanta BC,Pisa 1909
2025-08-24 00:00,US Catanzaro,Sudtirol
2025-08-24 00:00,Porto,Casa Pia
2025-08-24 00:00,Cagliari Calcio,ACF Fiorentina
2025-08-24 00:00,Cultural Leonesa,UD Almeria
2025-08-24 00:00,Waldhof Mannheim,Viktoria Koln
2025-08-24 00:00,Malaga,Real Sociedad B
2025-08-24 00:00,Como 1907,SS Lazio
2025-08-24 00:00,Sporting Clube de Braga,AVS
2025-08-24 00:00,Real Oviedo,Real Madrid
2025-08-24 00:00,Kayseri,Galatasaray
2025-08-24 00:00,Lille OSC,Monaco
2025-08-24 00:00,Juventus,Parma Calcio 1913
2025-08-24 00:00,Frosinone Calcio,US Avellino
2025-08-24 00:00,Venezia,SSC Bari
2025-08-24 00:00,Trabzon,Antalya
2025-08-25 00:00,Eyup,Alanya
2025-08-25 00:00,Cordoba,UD Las Palmas
2025-08-25 00:00,Udinese Calcio,Hellas Verona
2025-08-25 00:00,Athletic Club,Rayo Vallecano de Madrid
2025-08-25 00:00,Sampdoria,Modena
2025-08-25 00:00,Sevilla,Getafe
2025-08-25 00:00,Pau,Stade de Reims
2025-08-25 00:00,Internazionale Milano,Torino
2025-08-25 00:00,Newcastle,Liverpool
2025-08-25 00:00,CF Estrela da Amadora,Alverca
2025-08-25 00:00,Albacete,Racing Santander
2025-08-27 00:00,RC Celta de Vigo,Real Betis Balompie
2025-08-29 00:00,Montpellier HSC,Amiens SC
2025-08-29 00:00,Red Star,Annecy
2025-08-29 00:00,Real Sociedad B,UD Almeria
2025-08-29 00:00,Nancy Lorraine,Pau
2025-08-29 00:00,US Cremonese,US Sassuolo Calcio
2025-08-29 00:00,USL Dunkerque,ESTAC Troyes
2025-08-29 00:00,Hertha BSC,SV 07 Elversberg
2025-08-29 00:00,1. FC Nurnberg,SC Paderborn 07
2025-08-29 00:00,Stade Lavallois,Clermont Foot 63
2025-08-29 00:00,Viktoria Koln,Jahn Regensburg
2025-08-29 00:00,Hamburger SV,St. Pauli 1910
2025-08-29 00:00,Racing Club de Lens,Stade Brestois 29
2025-08-29 00:00,Leicester,Birmingham City
2025-08-29 00:00,Gil Vicente,Moreirense
2025-08-29 00:00,Sporting Gijon,Cultural Leonesa
2025-08-29 00:00,Rodez AF,US Boulogne
2025-08-29 00:00,Goztepe,Konya
2025-08-29 00:00,US Lecce,Milan
2025-08-29 00:00,Valencia,Getafe
2025-08-29 00:00,Reggiana 1919,Empoli
2025-08-29 00:00,Elche,Levante UD
2025-08-30 00:00,Bristol City,Hull City AFC
2025-08-30 00:00,Stade de Reims,Le Mans
2025-08-30 00:00,Queens Park Rangers,Charlton Athletic
2025-08-30 00:00,SC Verl,MSV Duisburg
2025-08-30 00:00,Holstein Kiel,Hannover 96
2025-08-30 00:00,Chelsea,Fulham
2025-08-30 00:00,TSV Havelse,VfL Osnabruck
2025-08-30 00:00,Eintracht Braunschweig,Arminia Bielefeld
2025-08-30 00:00,Stoke City,West Bromwich Albion
2025-08-30 00:00,Energie Cottbus,Ingolstadt 04
2025-08-30 00:00,VfL Bochum,Preußen Munster
2025-08-30 00:00,TSV 1860 Munchen,VfB Stuttgart II
2025-08-30 00:00,Middlesbrough,Sheffield United
2025-08-30 00:00,Hansa Rostock,Hoffenheim II
2025-08-30 00:00,Tottenham,AFC Bournemouth
2025-08-30 00:00,Stuttgart,Monchengladbach
2025-08-30 00:00,Millwall,Wrexham AFC
2025-08-30 00:00,Sunderland AFC,Brentford
2025-08-30 00:00,1. FC Saarbrucken,Erzgebirge Aue
2025-08-30 00:00,Wolves,Everton
2025-08-30 00:00,Manchester Utd,Burnley
2025-08-30 00:00,Leipzig,1. FC Heidenheim 1846
2025-08-30 00:00,Oxford United,Coventry City
2025-08-30 00:00,Portsmouth,Preston North End
2025-08-30 00:00,Sheffield Wednesday,Swansea City AFC
2025-08-30 00:00,Casa Pia,CD Nacional
2025-08-30 00:00,Ipswich Town,Derby County
2025-08-30 00:00,Blackburn Rovers,Norwich City
2025-08-30 00:00,Watford,Southampton
2025-08-30 00:00,SV Werder Bremen,Leverkusen
2025-08-30 00:00,SC Bastia,EA Guingamp
2025-08-30 00:00,Saint-Étienne,Grenoble Foot 38
2025-08-30 00:00,Augsburg,Bayern Munchen
2025-08-30 00:00,Kasimpasa,Gaziantep
2025-08-30 00:00,Deportivo Alaves,Club Atletico de Madrid
2025-08-30 00:00,Lorient,Lille OSC
2025-08-30 00:00,Parma Calcio 1913,Atalanta BC
2025-08-30 00:00,TSG 1899 Hoffenheim,Frankfurt
2025-08-30 00:00,Kocaelispor,Kayseri
2025-08-30 00:00,Real Madrid,RCD Mallorca
2025-08-30 00:00,Mantova 1911 SSD,Delfino Pescara
2025-08-30 00:00,Vitoria Guimarães,Arouca
2025-08-30 00:00,Real Oviedo,Real Sociedad de Futbol
2025-08-30 00:00,Bologna FC 1909,Como 1907
2025-08-30 00:00,Real Valladolid,Cordoba
2025-08-30 00:00,Leeds United,Newcastle
2025-08-30 00:00,Toulouse,Paris Saint-Germain
2025-08-30 00:00,Juve Stabia,Venezia
2025-08-30 00:00,Cesena,Virtus Entella
2025-08-30 00:00,Nantes,AJ Auxerre
2025-08-30 00:00,Antalya,Karagumruk
2025-08-30 00:00,Girona,Sevilla
2025-08-30 00:00,Palermo,Frosinone Calcio
2025-08-30 00:00,Spezia Calcio,US Catanzaro
2025-08-30 00:00,CD Castellon,Real Zaragoza
2025-08-30 00:00,Fortuna Dusseldorf,Karlsruher SC
2025-08-30 00:00,SSC Napoli,Cagliari Calcio
2025-08-30 00:00,Galatasaray,Rize
2025-08-30 00:00,Pisa 1909,Roma
2025-08-30 00:00,AVS,Famalicão
2025-08-30 00:00,Racing Santander,AD Ceuta
2025-08-30 00:00,Sporting Clube de Portugal,Porto
2025-08-31 00:00,SSV Ulm 1846,Waldhof Mannheim
2025-08-31 00:00,Sudtirol,Sampdoria
2025-08-31 00:00,1. FC Kaiserslautern,SV Darmstadt 98
2025-08-31 00:00,1. FC Schweinfurt 05,SV Wehen Wiesbaden
2025-08-31 00:00,Dynamo Dresden,Schalke
2025-08-31 00:00,Brighton,Manchester City
2025-08-31 00:00,Angers SCO,Stade Rennais FC 1901
2025-08-31 00:00,VfL Wolfsburg,1. FSV Mainz 05
2025-08-31 00:00,Liverpool,Arsenal
2025-08-31 00:00,Basaksehir,yupspor
2025-08-31 00:00,Le Havre,OGC Nice
2025-08-31 00:00,Monaco,RC Strasbourg Alsace
2025-08-31 00:00,Dortmund,1. FC Union Berlin
2025-08-31 00:00,Carrarese Calcio,Calcio Padova
2025-08-31 00:00,Andorra,Burgos
2025-08-31 00:00,1. FC Magdeburg,SpVgg Greuther Furth
2025-08-31 00:00,Alverca,Sport Lisboa e Benfica
2025-08-31 00:00,RC Celta de Vigo,Villarreal
2025-08-31 00:00,Nottingham Forest,West Ham
2025-08-31 00:00,Cadiz,Albacete
2025-08-31 00:00,CD Tondela,GD Estoril Praia
2025-08-31 00:00,Rio Ave,Sporting Clube de Braga
2025-08-31 00:00,Olympique Lyonnais,Olympique de Marseille
2025-08-31 00:00,CD Santa Clara,CF Estrela da Amadora
2025-08-31 00:00,Torino,ACF Fiorentina
2025-08-31 00:00,UD Las Palmas,Malaga
2025-08-31 00:00,Real Betis Balompie,Athletic Club
2025-08-31 00:00,RCD Espanyol de Barcelona,CA Osasuna
2025-08-31 00:00,1. FC Koln,SC Freiburg
2025-08-31 00:00,Modena,US Avellino
2025-08-31 00:00,Aston Villa,Crystal Palace
2025-08-31 00:00,Rot-Weiss Essen,Alemannia Aachen
2025-08-31 00:00,Paris,Metz
2025-08-31 00:00,SS Lazio,Hellas Verona
2025-08-31 00:00,Genclerbirligi,Fenerbahce
2025-08-31 00:00,Granada,CD Mirandes
2025-08-31 00:00,Alanya,Besiktas
2025-08-31 00:00,Trabzon,Samsun
2025-08-31 00:00,Internazionale Milano,Udinese Calcio
2025-08-31 00:00,Genoa CFC,Juventus
2025-08-31 00:00,Rayo Vallecano de Madrid,Barcelona
2025-08-31 00:00,SSC Bari,Monza
2025-09-01 00:00,CD Leganes,Deportivo La Coruña
2025-09-01 00:00,SD Huesca,SD Eibar
2025-09-05 00:00,Albacete,CD Mirandes
2025-09-05 00:00,Cordoba,CD Castellon
2025-09-06 00:00,Deportivo La Coruña,Sporting Gijon
2025-09-06 00:00,Malaga,Granada
2025-09-06 00:00,Real Zaragoza,Real Valladolid
2025-09-06 00:00,GD Estoril Praia,CD Santa Clara
2025-09-07 00:00,Burgos,UD Las Palmas
2025-09-07 00:00,UD Almeria,Racing Santander
2025-09-07 00:00,AD Ceuta,SD Huesca
2025-09-07 00:00,Cultural Leonesa,CD Leganes
2025-09-07 00:00,Real Sociedad B,Cadiz
2025-09-08 00:00,SD Eibar,Andorra
2025-09-12 00:00,US Boulogne,Stade Lavallois
2025-09-12 00:00,Pau,Red Star
2025-09-12 00:00,Amiens SC,SC Bastia
2025-09-12 00:00,Jahn Regensburg,Rot-Weiss Essen
2025-09-12 00:00,Arminia Bielefeld,1. FC Magdeburg
2025-09-12 00:00,SC Paderborn 07,VfL Bochum
2025-09-12 00:00,Le Mans,Rodez AF
2025-09-12 00:00,ESTAC Troyes,Nancy Lorraine
2025-09-12 00:00,Ipswich Town,Sheffield United
2025-09-12 00:00,Alverca,CD Tondela
2025-09-12 00:00,Leverkusen,Frankfurt
2025-09-12 00:00,Sevilla,Elche
2025-09-12 00:00,UD Las Palmas,Real Sociedad B
2025-09-12 00:00,Olympique de Marseille,Lorient
2025-09-12 00:00,Sport Lisboa e Benfica,CD Santa Clara
2025-09-12 00:00,US Avellino,Monza
2025-09-13 00:00,SV Darmstadt 98,Eintracht Braunschweig
2025-09-13 00:00,Schalke,Holstein Kiel
2025-09-13 00:00,Arsenal,Nottingham Forest
2025-09-13 00:00,Charlton Athletic,Millwall
2025-09-13 00:00,Preston North End,Middlesbrough
2025-09-13 00:00,Ingolstadt 04,1. FC Schweinfurt 05
2025-09-13 00:00,MSV Duisburg,SV Wehen Wiesbaden
2025-09-13 00:00,Erzgebirge Aue,Viktoria Koln
2025-09-13 00:00,Annecy,Stade de Reims
2025-09-13 00:00,Juve Stabia,Reggiana 1919
2025-09-13 00:00,Hoffenheim II,SC Verl
2025-09-13 00:00,Grenoble Foot 38,USL Dunkerque
2025-09-13 00:00,Crystal Palace,Sunderland AFC
2025-09-13 00:00,VfB Stuttgart II,1. FC Saarbrucken
2025-09-13 00:00,Oxford United,Leicester
2025-09-13 00:00,Famalicão,Sporting Clube de Portugal
2025-09-13 00:00,Getafe,Real Oviedo
2025-09-13 00:00,Swansea City AFC,Hull City AFC
2025-09-13 00:00,Sheffield Wednesday,Bristol City
2025-09-13 00:00,Newcastle,Wolves
2025-09-13 00:00,Fulham,Leeds United
2025-09-13 00:00,Karlsruher SC,1. FC Nurnberg
2025-09-13 00:00,Modena,SSC Bari
2025-09-13 00:00,Stoke City,Birmingham City
2025-09-13 00:00,Coventry City,Norwich City
2025-09-13 00:00,AFC Bournemouth,Brighton
2025-09-13 00:00,Delfino Pescara,Venezia
2025-09-13 00:00,Calcio Padova,Frosinone Calcio
2025-09-13 00:00,Everton,Aston Villa
2025-09-13 00:00,Watford,Blackburn Rovers
2025-09-13 00:00,Wrexham AFC,Queens Park Rangers
2025-09-13 00:00,Besiktas,Basaksehir
2025-09-13 00:00,Cagliari Calcio,Parma Calcio 1913
2025-09-13 00:00,Sampdoria,Cesena
2025-09-13 00:00,West Bromwich Albion,Derby County
2025-09-13 00:00,SC Freiburg,Stuttgart
2025-09-13 00:00,Alemannia Aachen,SSV Ulm 1846
2025-09-13 00:00,Moreirense,Rio Ave
2025-09-13 00:00,OGC Nice,Nantes
2025-09-13 00:00,VfL Wolfsburg,1. FC Koln
2025-09-13 00:00,Bayern Munchen,Hamburger SV
2025-09-13 00:00,Samsun,Antalya
2025-09-13 00:00,Karagumruk,Kasimpasa
2025-09-13 00:00,US Catanzaro,Carrarese Calcio
2025-09-13 00:00,Real Sociedad de Futbol,Real Madrid
2025-09-13 00:00,Cadiz,SD Eibar
2025-09-13 00:00,1. FC Union Berlin,TSG 1899 Hoffenheim
2025-09-13 00:00,Eyup,Galatasaray
2025-09-13 00:00,1. FSV Mainz 05,Leipzig
2025-09-13 00:00,1. FC Heidenheim 1846,Dortmund
2025-09-13 00:00,GD Estoril Praia,AVS
2025-09-13 00:00,Brentford,Chelsea
2025-09-13 00:00,Konya,Alanya
2025-09-13 00:00,Club Atletico de Madrid,Villarreal
2025-09-13 00:00,ACF Fiorentina,SSC Napoli
2025-09-13 00:00,West Ham,Tottenham
2025-09-13 00:00,SD Huesca,Malaga
2025-09-13 00:00,Real Valladolid,UD Almeria
2025-09-13 00:00,Athletic Club,Deportivo Alaves
2025-09-13 00:00,Clermont Foot 63,Saint-Étienne
2025-09-13 00:00,CD Mirandes,Deportivo La Coruña
2025-09-13 00:00,Porto,CD Nacional
2025-09-13 00:00,Juventus,Internazionale Milano
2025-09-13 00:00,AJ Auxerre,Monaco
2025-09-13 00:00,Hannover 96,Hertha BSC
2025-09-14 00:00,Southampton,Portsmouth
2025-09-14 00:00,Preußen Munster,Fortuna Dusseldorf
2025-09-14 00:00,Burnley,Liverpool
2025-09-14 00:00,Roma,Torino
2025-09-14 00:00,SV 07 Elversberg,Dynamo Dresden
2025-09-14 00:00,VfL Osnabruck,Hansa Rostock
2025-09-14 00:00,SpVgg Greuther Furth,1. FC Kaiserslautern
2025-09-14 00:00,Kayseri,Goztepe
2025-09-14 00:00,Racing Santander,Cultural Leonesa
2025-09-14 00:00,Lille OSC,Toulouse
2025-09-14 00:00,CF Estrela da Amadora,Vitoria Guimarães
2025-09-14 00:00,Waldhof Mannheim,Energie Cottbus
2025-09-14 00:00,St. Pauli 1910,Augsburg
2025-09-14 00:00,Virtus Entella,Mantova 1911 SSD
2025-09-14 00:00,Pisa 1909,Udinese Calcio
2025-09-14 00:00,Paris Saint-Germain,Racing Club de Lens
2025-09-14 00:00,RC Celta de Vigo,Girona
2025-09-14 00:00,Andorra,Cordoba
2025-09-14 00:00,Atalanta BC,US Lecce
2025-09-14 00:00,Sudtirol,Palermo
2025-09-14 00:00,Sporting Clube de Braga,Gil Vicente
2025-09-14 00:00,Monchengladbach,SV Werder Bremen
2025-09-14 00:00,Empoli,Spezia Calcio
2025-09-14 00:00,Sporting Gijon,Burgos
2025-09-14 00:00,Gaziantep,Kocaelispor
2025-09-14 00:00,RC Strasbourg Alsace,Le Havre
2025-09-14 00:00,Stade Brestois 29,Paris
2025-09-14 00:00,CD Castellon,AD Ceuta
2025-09-14 00:00,Metz,Angers SCO
2025-09-14 00:00,US Sassuolo Calcio,SS Lazio
2025-09-14 00:00,Milan,Bologna FC 1909
2025-09-14 00:00,Barcelona,Valencia
2025-09-14 00:00,Fenerbahce,Trabzon
2025-09-14 00:00,CA Osasuna,Rayo Vallecano de Madrid
2025-09-14 00:00,TSV 1860 Munchen,TSV Havelse
2025-09-14 00:00,Granada,CD Leganes
2025-09-14 00:00,Manchester City,Manchester Utd
2025-09-14 00:00,Arouca,Casa Pia
2025-09-14 00:00,Levante UD,Real Betis Balompie
2025-09-14 00:00,Stade Rennais FC 1901,Olympique Lyonnais
2025-09-15 00:00,EA Guingamp,Montpellier HSC
2025-09-15 00:00,Como 1907,Genoa CFC
2025-09-15 00:00,RCD Espanyol de Barcelona,RCD Mallorca
2025-09-15 00:00,Hellas Verona,US Cremonese
2025-09-15 00:00,Real Zaragoza,Albacete
2025-09-15 00:00,Rize,Genclerbirligi
2025-09-16 00:00,1. FC Schweinfurt 05,MSV Duisburg
2025-09-16 00:00,SC Verl,Alemannia Aachen
2025-09-16 00:00,SV Wehen Wiesbaden,Jahn Regensburg
2025-09-16 00:00,US Boulogne,SC Bastia
2025-09-16 00:00,1. FC Saarbrucken,SSV Ulm 1846
2025-09-16 00:00,Viktoria Koln,Hoffenheim II
2025-09-17 00:00,Karagumruk,Basaksehir
2025-09-17 00:00,Rot-Weiss Essen,VfL Osnabruck
2025-09-17 00:00,TSV Havelse,Ingolstadt 04
2025-09-17 00:00,Fenerbahce,Alanya
2025-09-17 00:00,Energie Cottbus,Erzgebirge Aue
2025-09-17 00:00,Samsun,Kasimpasa
2025-09-17 00:00,Hansa Rostock,TSV 1860 Munchen
2025-09-17 00:00,Waldhof Mannheim,VfB Stuttgart II
2025-09-19 00:00,Rodez AF,Clermont Foot 63
2025-09-19 00:00,Goztepe,Besiktas
2025-09-19 00:00,Frosinone Calcio,Sudtirol
2025-09-19 00:00,1. FC Saarbrucken,1. FC Schweinfurt 05
2025-09-19 00:00,US Boulogne,Pau
2025-09-19 00:00,1. FC Kaiserslautern,Preußen Munster
2025-09-19 00:00,Nancy Lorraine,Red Star
2025-09-19 00:00,Grenoble Foot 38,Annecy
2025-09-19 00:00,Stade Lavallois,Amiens SC
2025-09-19 00:00,Palermo,SSC Bari
2025-09-19 00:00,Stuttgart,St. Pauli 1910
2025-09-19 00:00,Rio Ave,Porto
2025-09-19 00:00,USL Dunkerque,Le Mans
2025-09-19 00:00,Middlesbrough,West Bromwich Albion
2025-09-19 00:00,Real Betis Balompie,Real Sociedad de Futbol
2025-09-19 00:00,Deportivo La Coruña,SD Huesca
2025-09-19 00:00,Olympique Lyonnais,Angers SCO
2025-09-19 00:00,US Lecce,Cagliari Calcio
2025-09-19 00:00,Arminia Bielefeld,SpVgg Greuther Furth
2025-09-20 00:00,Rot-Weiss Essen,Hansa Rostock
2025-09-20 00:00,Leicester,Coventry City
2025-09-20 00:00,Alemannia Aachen,Waldhof Mannheim
2025-09-20 00:00,Hertha BSC,SC Paderborn 07
2025-09-20 00:00,Liverpool,Everton
2025-09-20 00:00,Queens Park Rangers,Stoke City
2025-09-20 00:00,1. FC Magdeburg,Schalke
2025-09-20 00:00,Sheffield United,Charlton Athletic
2025-09-20 00:00,Brighton,Tottenham
2025-09-20 00:00,Ingolstadt 04,SV Wehen Wiesbaden
2025-09-20 00:00,ESTAC Troyes,EA Guingamp
2025-09-20 00:00,VfB Stuttgart II,Viktoria Koln
2025-09-20 00:00,Birmingham City,Swansea City AFC
2025-09-20 00:00,Eintracht Braunschweig,SV 07 Elversberg
2025-09-20 00:00,Girona,Levante UD
2025-09-20 00:00,Reggiana 1919,US Catanzaro
2025-09-20 00:00,Burnley,Nottingham Forest
2025-09-20 00:00,Venezia,Cesena
2025-09-20 00:00,Cultural Leonesa,CD Castellon
2025-09-20 00:00,Bologna FC 1909,Genoa CFC
2025-09-20 00:00,Spezia Calcio,Juve Stabia
2025-09-20 00:00,West Ham,Crystal Palace
2025-09-20 00:00,Wolves,Leeds United
2025-09-20 00:00,Derby County,Preston North End
2025-09-20 00:00,Montpellier HSC,SC Bastia
2025-09-20 00:00,Hull City AFC,Southampton
2025-09-20 00:00,Norwich City,Wrexham AFC
2025-09-20 00:00,VfL Osnabruck,Erzgebirge Aue
2025-09-20 00:00,Portsmouth,Sheffield Wednesday
2025-09-20 00:00,Monza,Sampdoria
2025-09-20 00:00,CD Santa Clara,Alverca
2025-09-20 00:00,1. FC Nurnberg,VfL Bochum
2025-09-20 00:00,Real Madrid,RCD Espanyol de Barcelona
2025-09-20 00:00,Genclerbirligi,Eyup
2025-09-20 00:00,Andorra,CD Mirandes
2025-09-20 00:00,TSG 1899 Hoffenheim,Bayern Munchen
2025-09-20 00:00,Manchester Utd,Chelsea
2025-09-20 00:00,Augsburg,1. FSV Mainz 05
2025-09-20 00:00,Racing Club de Lens,Lille OSC
2025-09-20 00:00,Nantes,Stade Rennais FC 1901
2025-09-20 00:00,Hellas Verona,Juventus
2025-09-20 00:00,CD Leganes,UD Las Palmas
2025-09-20 00:00,CD Nacional,Arouca
2025-09-20 00:00,Valencia,Athletic Club
2025-09-20 00:00,UD Almeria,Sporting Gijon
2025-09-20 00:00,Hamburger SV,1. FC Heidenheim 1846
2025-09-20 00:00,Deportivo Alaves,Sevilla
2025-09-20 00:00,Mantova 1911 SSD,Modena
2025-09-20 00:00,AVS,Sport Lisboa e Benfica
2025-09-20 00:00,Antalya,Kayseri
2025-09-20 00:00,Villarreal,CA Osasuna
2025-09-20 00:00,TSV 1860 Munchen,Hoffenheim II
2025-09-20 00:00,Stade Brestois 29,OGC Nice
2025-09-20 00:00,Leipzig,1. FC Koln
2025-09-20 00:00,Udinese Calcio,Milan
2025-09-20 00:00,Trabzon,Gaziantep
2025-09-20 00:00,Fulham,Brentford
2025-09-20 00:00,SV Werder Bremen,SC Freiburg
2025-09-20 00:00,Vitoria Guimarães,Sporting Clube de Braga
2025-09-20 00:00,Saint-Étienne,Stade de Reims
2025-09-21 00:00,Carrarese Calcio,US Avellino
2025-09-21 00:00,RCD Mallorca,Club Atletico de Madrid
2025-09-21 00:00,SS Lazio,Roma
2025-09-21 00:00,Fortuna Dusseldorf,SV Darmstadt 98
2025-09-21 00:00,Dynamo Dresden,Hannover 96
2025-09-21 00:00,AD Ceuta,Real Zaragoza
2025-09-21 00:00,AFC Bournemouth,Newcastle
2025-09-21 00:00,Kocaelispor,Rize
2025-09-21 00:00,Sunderland AFC,Aston Villa
2025-09-21 00:00,Torino,Atalanta BC
2025-09-21 00:00,CD Tondela,CF Estrela da Amadora
2025-09-21 00:00,US Cremonese,Parma Calcio 1913
2025-09-21 00:00,Albacete,Real Valladolid
2025-09-21 00:00,Frankfurt,1. FC Union Berlin
2025-09-21 00:00,SC Verl,Energie Cottbus
2025-09-21 00:00,Rayo Vallecano de Madrid,RC Celta de Vigo
2025-09-21 00:00,Bristol City,Oxford United
2025-09-21 00:00,Paris,RC Strasbourg Alsace
2025-09-21 00:00,TSV Havelse,MSV Duisburg
2025-09-21 00:00,Basaksehir,lanyaspor
2025-09-21 00:00,Cordoba,Racing Santander
2025-09-21 00:00,Delfino Pescara,Empoli
2025-09-21 00:00,Arsenal,Manchester City
2025-09-21 00:00,Dortmund,VfL Wolfsburg
2025-09-21 00:00,Holstein Kiel,Karlsruher SC
2025-09-21 00:00,Monaco,Metz
2025-09-21 00:00,SD Eibar,Real Sociedad B
2025-09-21 00:00,Leverkusen,Monchengladbach
2025-09-21 00:00,Malaga,Cadiz
2025-09-21 00:00,Gil Vicente,GD Estoril Praia
2025-09-21 00:00,AJ Auxerre,Toulouse
2025-09-21 00:00,Le Havre,Lorient
2025-09-21 00:00,Kasimpasa,Fenerbahce
2025-09-21 00:00,Samsun,Karagumruk
2025-09-21 00:00,Casa Pia,Famalicão
2025-09-21 00:00,Internazionale Milano,US Sassuolo Calcio
2025-09-21 00:00,Calcio Padova,Virtus Entella
2025-09-21 00:00,Elche,Real Oviedo
2025-09-21 00:00,ACF Fiorentina,Como 1907
2025-09-21 00:00,SSV Ulm 1846,Jahn Regensburg
2025-09-21 00:00,Barcelona,Getafe
2025-09-22 00:00,Burgos,Granada
2025-09-22 00:00,Millwall,Watford
2025-09-22 00:00,Galatasaray,Konya
2025-09-22 00:00,Sporting Clube de Portugal,Moreirense
2025-09-22 00:00,SSC Napoli,Pisa 1909
2025-09-22 00:00,Olympique de Marseille,Paris Saint-Germain
2025-09-23 00:00,Annecy,Nancy Lorraine
2025-09-23 00:00,Red Star,ESTAC Troyes
2025-09-23 00:00,Montpellier HSC,US Boulogne
2025-09-23 00:00,Athletic Club,Girona
2025-09-23 00:00,RCD Espanyol de Barcelona,Valencia
2025-09-23 00:00,EA Guingamp,USL Dunkerque
2025-09-23 00:00,Pau,Stade Lavallois
2025-09-23 00:00,Amiens SC,Saint-Étienne
2025-09-23 00:00,SC Bastia,Rodez AF
2025-09-23 00:00,Stade de Reims,Clermont Foot 63
2025-09-23 00:00,Levante UD,Real Madrid
2025-09-23 00:00,Le Mans,Grenoble Foot 38
2025-09-23 00:00,Sport Lisboa e Benfica,Rio Ave
2025-09-23 00:00,Sevilla,Villarreal
2025-09-24 00:00,Kayseri,Besiktas
2025-09-24 00:00,Real Sociedad de Futbol,RCD Mallorca
2025-09-24 00:00,Club Atletico de Madrid,Rayo Vallecano de Madrid
2025-09-24 00:00,Getafe,Deportivo Alaves
2025-09-25 00:00,CA Osasuna,Elche
2025-09-25 00:00,Real Oviedo,Barcelona
2025-09-26 00:00,Schalke,SpVgg Greuther Furth
2025-09-26 00:00,SV Darmstadt 98,Dynamo Dresden
2025-09-26 00:00,Grenoble Foot 38,SC Bastia
2025-09-26 00:00,Nancy Lorraine,Stade de Reims
2025-09-26 00:00,ESTAC Troyes,Annecy
2025-09-26 00:00,Energie Cottbus,VfB Stuttgart II
2025-09-26 00:00,Clermont Foot 63,Le Mans
2025-09-26 00:00,Alanya,Galatasaray
2025-09-26 00:00,West Bromwich Albion,Leicester
2025-09-26 00:00,US Catanzaro,Juve Stabia
2025-09-26 00:00,CD Mirandes,Real Zaragoza
2025-09-26 00:00,Sport Lisboa e Benfica,Gil Vicente
2025-09-26 00:00,Bayern Munchen,SV Werder Bremen
2025-09-26 00:00,RC Strasbourg Alsace,Olympique de Marseille
2025-09-26 00:00,Girona,RCD Espanyol de Barcelona
2025-09-26 00:00,Rodez AF,Pau
2025-09-27 00:00,Southampton,Middlesbrough
2025-09-27 00:00,Brentford,Manchester Utd
2025-09-27 00:00,SV 07 Elversberg,Holstein Kiel
2025-09-27 00:00,SC Paderborn 07,1. FC Kaiserslautern
2025-09-27 00:00,Karlsruher SC,1. FC Magdeburg
2025-09-27 00:00,USL Dunkerque,Amiens SC
2025-09-27 00:00,Monchengladbach,Frankfurt
2025-09-27 00:00,VfL Wolfsburg,Leipzig
2025-09-27 00:00,Erzgebirge Aue,TSV 1860 Munchen
2025-09-27 00:00,Stade Lavallois,Montpellier HSC
2025-09-27 00:00,Hansa Rostock,TSV Havelse
2025-09-27 00:00,SV Wehen Wiesbaden,1. FC Saarbrucken
2025-09-27 00:00,US Avellino,Virtus Entella
2025-09-27 00:00,Swansea City AFC,Millwall
2025-09-27 00:00,Oxford United,Sheffield United
2025-09-27 00:00,Crystal Palace,Liverpool
2025-09-27 00:00,Preston North End,Bristol City
2025-09-27 00:00,Cesena,Palermo
2025-09-27 00:00,Sheffield Wednesday,Queens Park Rangers
2025-09-27 00:00,Getafe,Levante UD
2025-09-27 00:00,Mantova 1911 SSD,Frosinone Calcio
2025-09-27 00:00,Sudtirol,Reggiana 1919
2025-09-27 00:00,Venezia,Spezia Calcio
2025-09-27 00:00,Como 1907,US Cremonese
2025-09-27 00:00,Charlton Athletic,Blackburn Rovers
2025-09-27 00:00,Leeds United,AFC Bournemouth
2025-09-27 00:00,Chelsea,Brighton
2025-09-27 00:00,Manchester City,Burnley
2025-09-27 00:00,Ipswich Town,Portsmouth
2025-09-27 00:00,1. FC Schweinfurt 05,Alemannia Aachen
2025-09-27 00:00,Coventry City,Birmingham City
2025-09-27 00:00,Wrexham AFC,Derby County
2025-09-27 00:00,Tottenham,Wolves
2025-09-27 00:00,MSV Duisburg,Ingolstadt 04
2025-09-27 00:00,Moreirense,Casa Pia
2025-09-27 00:00,1. FSV Mainz 05,Dortmund
2025-09-27 00:00,Waldhof Mannheim,Rot-Weiss Essen
2025-09-27 00:00,SD Eibar,Deportivo La Coruña
2025-09-27 00:00,St. Pauli 1910,Leverkusen
2025-09-27 00:00,1. FC Heidenheim 1846,Augsburg
2025-09-27 00:00,Lorient,Monaco
2025-09-27 00:00,Gaziantep,Samsun
2025-09-27 00:00,Club Atletico de Madrid,Real Madrid
2025-09-27 00:00,Racing Santander,Andorra
2025-09-27 00:00,Nottingham Forest,Sunderland AFC
2025-09-27 00:00,Monza,Calcio Padova
2025-09-27 00:00,Eyup,Goztepe
2025-09-27 00:00,RCD Mallorca,Deportivo Alaves
2025-09-27 00:00,CF Estrela da Amadora,AVS
2025-09-27 00:00,Stoke City,Norwich City
2025-09-27 00:00,Paris Saint-Germain,AJ Auxerre
2025-09-27 00:00,CD Santa Clara,CD Tondela
2025-09-27 00:00,Watford,Hull City AFC
2025-09-27 00:00,SSC Bari,Sampdoria
2025-09-27 00:00,Saint-Étienne,EA Guingamp
2025-09-27 00:00,Karagumruk,Trabzon
2025-09-27 00:00,UD Las Palmas,UD Almeria
2025-09-27 00:00,Toulouse,Nantes
2025-09-27 00:00,GD Estoril Praia,Sporting Clube de Portugal
2025-09-27 00:00,Cagliari Calcio,Internazionale Milano
2025-09-27 00:00,Villarreal,Athletic Club
2025-09-27 00:00,Juventus,Atalanta BC
2025-09-27 00:00,VfL Bochum,Fortuna Dusseldorf
2025-09-28 00:00,OGC Nice,Paris
2025-09-28 00:00,1. FC Nurnberg,Hertha BSC
2025-09-28 00:00,Preußen Munster,Eintracht Braunschweig
2025-09-28 00:00,Hannover 96,Arminia Bielefeld
2025-09-28 00:00,Real Sociedad B,Cordoba
2025-09-28 00:00,Aston Villa,Fulham
2025-09-28 00:00,Jahn Regensburg,SC Verl
2025-09-28 00:00,Roma,Hellas Verona
2025-09-28 00:00,Cadiz,AD Ceuta
2025-09-28 00:00,Fenerbahce,Antalya
2025-09-28 00:00,Hoffenheim II,SSV Ulm 1846
2025-09-28 00:00,Konya,Basaksehir
2025-09-28 00:00,Rize,Kasimpasa
2025-09-28 00:00,US Sassuolo Calcio,Udinese Calcio
2025-09-28 00:00,Pisa 1909,ACF Fiorentina
2025-09-28 00:00,Elche,RC Celta de Vigo
2025-09-28 00:00,Burgos,Malaga
2025-09-28 00:00,Rayo Vallecano de Madrid,Sevilla
2025-09-28 00:00,SC Freiburg,TSG 1899 Hoffenheim
2025-09-28 00:00,Modena,Delfino Pescara
2025-09-28 00:00,Kayseri,Genclerbirligi
2025-09-28 00:00,Newcastle,Arsenal
2025-09-28 00:00,Milan,SSC Napoli
2025-09-28 00:00,Lille OSC,Olympique Lyonnais
2025-09-28 00:00,Angers SCO,Stade Brestois 29
2025-09-28 00:00,Empoli,Carrarese Calcio
2025-09-28 00:00,Sporting Gijon,Albacete
2025-09-28 00:00,Barcelona,Real Sociedad de Futbol
2025-09-28 00:00,1. FC Koln,Stuttgart
2025-09-28 00:00,Real Betis Balompie,CA Osasuna
2025-09-28 00:00,Real Valladolid,Cultural Leonesa
2025-09-28 00:00,1. FC Union Berlin,Hamburger SV
2025-09-28 00:00,SD Huesca,Granada
2025-09-28 00:00,Famalicão,Rio Ave
2025-09-28 00:00,Stade Rennais FC 1901,Racing Club de Lens
2025-09-28 00:00,Metz,Le Havre
2025-09-28 00:00,Viktoria Koln,VfL Osnabruck
2025-09-28 00:00,Sporting Clube de Braga,CD Nacional
2025-09-28 00:00,US Lecce,Bologna FC 1909
2025-09-28 00:00,Alverca,Vitoria Guimarães
2025-09-29 00:00,Besiktas,Kocaelispor
2025-09-29 00:00,CD Leganes,CD Castellon
2025-09-29 00:00,Parma Calcio 1913,Torino
2025-09-29 00:00,Genoa CFC,SS Lazio
2025-09-29 00:00,Everton,West Ham
2025-09-29 00:00,US Boulogne,Red Star
2025-09-29 00:00,Arouca,Porto
2025-09-30 00:00,Juve Stabia,Mantova 1911 SSD
2025-09-30 00:00,Palermo,Venezia
2025-09-30 00:00,1. FC Saarbrucken,MSV Duisburg
2025-09-30 00:00,VfB Stuttgart II,SV Wehen Wiesbaden
2025-09-30 00:00,Hansa Rostock,Energie Cottbus
2025-09-30 00:00,TSV Havelse,Waldhof Mannheim
2025-09-30 00:00,Alemannia Aachen,Erzgebirge Aue
2025-09-30 00:00,Virtus Entella,SSC Bari
2025-09-30 00:00,Frosinone Calcio,Cesena
2025-09-30 00:00,Calcio Padova,US Avellino
2025-09-30 00:00,Reggiana 1919,Spezia Calcio
2025-09-30 00:00,Bristol City,Ipswich Town
2025-09-30 00:00,Hull City AFC,Preston North End
2025-09-30 00:00,Leicester,Wrexham AFC
2025-09-30 00:00,Middlesbrough,Stoke City
2025-09-30 00:00,Sheffield United,Southampton
2025-09-30 00:00,Derby County,Charlton Athletic
2025-09-30 00:00,Valencia,Real Oviedo
2025-09-30 00:00,Birmingham City,Sheffield Wednesday
2025-09-30 00:00,Blackburn Rovers,Swansea City AFC
2025-10-01 00:00,SC Verl,Ingolstadt 04
2025-10-01 00:00,Carrarese Calcio,Modena
2025-10-01 00:00,SSV Ulm 1846,1. FC Schweinfurt 05
2025-10-01 00:00,VfL Osnabruck,Jahn Regensburg
2025-10-01 00:00,Rot-Weiss Essen,Hoffenheim II
2025-10-01 00:00,TSV 1860 Munchen,Viktoria Koln
2025-10-01 00:00,Sampdoria,US Catanzaro
2025-10-01 00:00,Millwall,Coventry City
2025-10-01 00:00,Norwich City,West Bromwich Albion
2025-10-01 00:00,Portsmouth,Watford
2025-10-01 00:00,Queens Park Rangers,Oxford United
2025-10-01 00:00,Empoli,Monza
2025-10-01 00:00,Delfino Pescara,Sudtirol
2025-10-03 00:00,Antalya,Rize
2025-10-03 00:00,Le Mans,ESTAC Troyes
2025-10-03 00:00,Amiens SC,US Boulogne
2025-10-03 00:00,Fortuna Dusseldorf,1. FC Nurnberg
2025-10-03 00:00,Eintracht Braunschweig,SC Paderborn 07
2025-10-03 00:00,Wrexham AFC,Birmingham City
2025-10-03 00:00,MSV Duisburg,Hansa Rostock
2025-10-03 00:00,EA Guingamp,Nancy Lorraine
2025-10-03 00:00,Pau,Clermont Foot 63
2025-10-03 00:00,Casa Pia,GD Estoril Praia
2025-10-03 00:00,Annecy,Stade Lavallois
2025-10-03 00:00,AD Ceuta,SD Eibar
2025-10-03 00:00,CA Osasuna,Getafe
2025-10-03 00:00,AFC Bournemouth,Fulham
2025-10-03 00:00,TSG 1899 Hoffenheim,1. FC Koln
2025-10-03 00:00,Hellas Verona,US Sassuolo Calcio
2025-10-03 00:00,Paris,Lorient
2025-10-03 00:00,Trabzon,Kayseri
2025-10-03 00:00,SC Bastia,USL Dunkerque
2025-10-04 00:00,Derby County,Southampton
2025-10-04 00:00,Leeds United,Tottenham
2025-10-04 00:00,Waldhof Mannheim,VfL Osnabruck
2025-10-04 00:00,Holstein Kiel,SV Darmstadt 98
2025-10-04 00:00,Stade de Reims,Grenoble Foot 38
2025-10-04 00:00,Hertha BSC,Preußen Munster
2025-10-04 00:00,Red Star,Rodez AF
2025-10-04 00:00,Sheffield Wednesday,Coventry City
2025-10-04 00:00,1. FC Kaiserslautern,VfL Bochum
2025-10-04 00:00,Hull City AFC,Sheffield United
2025-10-04 00:00,Viktoria Koln,TSV Havelse
2025-10-04 00:00,Ingolstadt 04,SSV Ulm 1846
2025-10-04 00:00,Blackburn Rovers,Stoke City
2025-10-04 00:00,Preston North End,Charlton Athletic
2025-10-04 00:00,Metz,Olympique de Marseille
2025-10-04 00:00,US Avellino,Mantova 1911 SSD
2025-10-04 00:00,Bristol City,Queens Park Rangers
2025-10-04 00:00,SSC Bari,Calcio Padova
2025-10-04 00:00,Monza,US Catanzaro
2025-10-04 00:00,Venezia,Frosinone Calcio
2025-10-04 00:00,Real Oviedo,Levante UD
2025-10-04 00:00,Millwall,West Bromwich Albion
2025-10-04 00:00,SS Lazio,Torino
2025-10-04 00:00,Manchester Utd,Sunderland AFC
2025-10-04 00:00,Swansea City AFC,Leicester
2025-10-04 00:00,Portsmouth,Middlesbrough
2025-10-04 00:00,Watford,Oxford United
2025-10-04 00:00,Jahn Regensburg,1. FC Saarbrucken
2025-10-04 00:00,Genclerbirligi,Alanya
2025-10-04 00:00,1. FC Schweinfurt 05,SC Verl
2025-10-04 00:00,Dortmund,Leipzig
2025-10-04 00:00,CD Nacional,Moreirense
2025-10-04 00:00,Andorra,CD Leganes
2025-10-04 00:00,Energie Cottbus,Alemannia Aachen
2025-10-04 00:00,Gil Vicente,CF Estrela da Amadora
2025-10-04 00:00,Girona,Valencia
2025-10-04 00:00,Leverkusen,1. FC Union Berlin
2025-10-04 00:00,Kocaelispor,Eyup
2025-10-04 00:00,Parma Calcio 1913,US Lecce
2025-10-04 00:00,SD Huesca,Burgos
2025-10-04 00:00,Augsburg,VfL Wolfsburg
2025-10-04 00:00,SV Werder Bremen,St. Pauli 1910
2025-10-04 00:00,Spezia Calcio,Palermo
2025-10-04 00:00,Vitoria Guimarães,CD Santa Clara
2025-10-04 00:00,Atalanta BC,Como 1907
2025-10-04 00:00,Arsenal,West Ham
2025-10-04 00:00,AJ Auxerre,Racing Club de Lens
2025-10-04 00:00,Deportivo La Coruña,UD Almeria
2025-10-04 00:00,Internazionale Milano,US Cremonese
2025-10-04 00:00,AVS,Alverca
2025-10-04 00:00,Cesena,Reggiana 1919
2025-10-04 00:00,Athletic Club,RCD Mallorca
2025-10-04 00:00,Frankfurt,Bayern Munchen
2025-10-04 00:00,Galatasaray,Besiktas
2025-10-04 00:00,Montpellier HSC,Saint-Étienne
2025-10-04 00:00,Real Madrid,Villarreal
2025-10-04 00:00,Dynamo Dresden,Karlsruher SC
2025-10-04 00:00,Granada,Real Sociedad B
2025-10-04 00:00,Chelsea,Liverpool
2025-10-04 00:00,Stade Brestois 29,Nantes
2025-10-05 00:00,Ipswich Town,Norwich City
2025-10-05 00:00,Carrarese Calcio,Juve Stabia
2025-10-05 00:00,Aston Villa,Burnley
2025-10-05 00:00,Sampdoria,Delfino Pescara
2025-10-05 00:00,Erzgebirge Aue,Rot-Weiss Essen
2025-10-05 00:00,SpVgg Greuther Furth,Hannover 96
2025-10-05 00:00,Arminia Bielefeld,Schalke
2025-10-05 00:00,Real Zaragoza,Cordoba
2025-10-05 00:00,Kasimpasa,Konya
2025-10-05 00:00,Olympique Lyonnais,Toulouse
2025-10-05 00:00,Deportivo Alaves,Elche
2025-10-05 00:00,Newcastle,Nottingham Forest
2025-10-05 00:00,Wolves,Brighton
2025-10-05 00:00,Sudtirol,Empoli
2025-10-05 00:00,Arouca,Famalicão
2025-10-05 00:00,ACF Fiorentina,Roma
2025-10-05 00:00,Everton,Crystal Palace
2025-10-05 00:00,Stuttgart,1. FC Heidenheim 1846
2025-10-05 00:00,1. FC Magdeburg,SV 07 Elversberg
2025-10-05 00:00,SV Wehen Wiesbaden,TSV 1860 Munchen
2025-10-05 00:00,Karagumruk,Gaziantep
2025-10-05 00:00,Udinese Calcio,Cagliari Calcio
2025-10-05 00:00,CD Castellon,Sporting Gijon
2025-10-05 00:00,UD Las Palmas,Cadiz
2025-10-05 00:00,Hoffenheim II,VfB Stuttgart II
2025-10-05 00:00,RC Strasbourg Alsace,Angers SCO
2025-10-05 00:00,RCD Espanyol de Barcelona,Real Betis Balompie
2025-10-05 00:00,Le Havre,Stade Rennais FC 1901
2025-10-05 00:00,Monaco,OGC Nice
2025-10-05 00:00,Racing Santander,Malaga
2025-10-05 00:00,Hamburger SV,1. FSV Mainz 05
2025-10-05 00:00,Rio Ave,CD Tondela
2025-10-05 00:00,Bologna FC 1909,Pisa 1909
2025-10-05 00:00,SSC Napoli,Genoa CFC
2025-10-05 00:00,Modena,Virtus Entella
2025-10-05 00:00,Real Valladolid,CD Mirandes
2025-10-05 00:00,Samsun,Fenerbahce
2025-10-05 00:00,Real Sociedad de Futbol,Rayo Vallecano de Madrid
2025-10-05 00:00,Lille OSC,Paris Saint-Germain
2025-10-05 00:00,Brentford,Manchester City
2025-10-05 00:00,Porto,Sport Lisboa e Benfica
2025-10-05 00:00,Sevilla,Barcelona
2025-10-05 00:00,Juventus,Milan
2025-10-05 00:00,Monchengladbach,SC Freiburg
2025-10-05 00:00,Sporting Clube de Portugal,Sporting Clube de Braga
2025-10-05 00:00,RC Celta de Vigo,Club Atletico de Madrid
2025-10-05 00:00,Goztepe,Basaksehir
2025-10-06 00:00,Cultural Leonesa,Albacete
2025-10-10 00:00,Granada,UD Las Palmas
2025-10-11 00:00,Real Sociedad B,Andorra
2025-10-11 00:00,UD Almeria,Real Zaragoza
2025-10-11 00:00,CD Mirandes,CD Leganes
2025-10-12 00:00,Cadiz,SD Huesca
2025-10-12 00:00,Malaga,Deportivo La Coruña
2025-10-12 00:00,Burgos,Real Valladolid
2025-10-12 00:00,SD Eibar,CD Castellon
2025-10-12 00:00,Albacete,AD Ceuta
2025-10-12 00:00,Sporting Gijon,Racing Santander
2025-10-13 00:00,Cordoba,Cultural Leonesa
2025-10-17 00:00,Hannover 96,Schalke
2025-10-17 00:00,ESTAC Troyes,SC Bastia
2025-10-17 00:00,Fortuna Dusseldorf,Eintracht Braunschweig
2025-10-17 00:00,Erzgebirge Aue,Waldhof Mannheim
2025-10-17 00:00,Clermont Foot 63,Annecy
2025-10-17 00:00,US Boulogne,EA Guingamp
2025-10-17 00:00,Grenoble Foot 38,Pau
2025-10-17 00:00,Virtus Entella,Sampdoria
2025-10-17 00:00,Rodez AF,Stade de Reims
2025-10-17 00:00,1. FC Union Berlin,Monchengladbach
2025-10-17 00:00,Real Oviedo,RCD Espanyol de Barcelona
2025-10-17 00:00,Paris Saint-Germain,RC Strasbourg Alsace
2025-10-17 00:00,Andorra,Granada
2025-10-17 00:00,Middlesbrough,Ipswich Town
2025-10-18 00:00,Preußen Munster,Dynamo Dresden
2025-10-18 00:00,Nottingham Forest,Chelsea
2025-10-18 00:00,Oxford United,Derby County
2025-10-18 00:00,USL Dunkerque,Montpellier HSC
2025-10-18 00:00,Southampton,Swansea City AFC
2025-10-18 00:00,Coventry City,Blackburn Rovers
2025-10-18 00:00,VfB Stuttgart II,1. FC Schweinfurt 05
2025-10-18 00:00,VfL Osnabruck,Hoffenheim II
2025-10-18 00:00,Hansa Rostock,SV Wehen Wiesbaden
2025-10-18 00:00,Alemannia Aachen,Ingolstadt 04
2025-10-18 00:00,1. FC Saarbrucken,SC Verl
2025-10-18 00:00,Stade Lavallois,Red Star
2025-10-18 00:00,Birmingham City,Hull City AFC
2025-10-18 00:00,Reggiana 1919,SSC Bari
2025-10-18 00:00,Frosinone Calcio,Monza
2025-10-18 00:00,SC Paderborn 07,Arminia Bielefeld
2025-10-18 00:00,Konya,Kocaelispor
2025-10-18 00:00,Sevilla,RCD Mallorca
2025-10-18 00:00,Mantova 1911 SSD,Sudtirol
2025-10-18 00:00,Delfino Pescara,Carrarese Calcio
2025-10-18 00:00,Brighton,Newcastle
2025-10-18 00:00,Queens Park Rangers,Millwall
2025-10-18 00:00,Pisa 1909,Hellas Verona
2025-10-18 00:00,Crystal Palace,AFC Bournemouth
2025-10-18 00:00,Burnley,Leeds United
2025-10-18 00:00,Sunderland AFC,Wolves
2025-10-18 00:00,Charlton Athletic,Sheffield Wednesday
2025-10-18 00:00,Manchester City,Everton
2025-10-18 00:00,Norwich City,Bristol City
2025-10-18 00:00,Karlsruher SC,1. FC Kaiserslautern
2025-10-18 00:00,Villarreal,Real Betis Balompie
2025-10-18 00:00,Torino,SSC Napoli
2025-10-18 00:00,VfL Wolfsburg,Stuttgart
2025-10-18 00:00,West Bromwich Albion,Preston North End
2025-10-18 00:00,US Lecce,US Sassuolo Calcio
2025-10-18 00:00,AD Ceuta,CD Mirandes
2025-10-18 00:00,Barcelona,Girona
2025-10-18 00:00,1. FSV Mainz 05,Leverkusen
2025-10-18 00:00,Rot-Weiss Essen,Viktoria Koln
2025-10-18 00:00,OGC Nice,Olympique Lyonnais
2025-10-18 00:00,1. FC Koln,Augsburg
2025-10-18 00:00,Besiktas,Genclerbirligi
2025-10-18 00:00,Stoke City,Wrexham AFC
2025-10-18 00:00,Juve Stabia,US Avellino
2025-10-18 00:00,Leipzig,Hamburger SV
2025-10-18 00:00,Rize,Trabzon
2025-10-18 00:00,Fulham,Arsenal
2025-10-18 00:00,Sheffield United,Watford
2025-10-18 00:00,Basaksehir,alatasaray
2025-10-18 00:00,1. FC Heidenheim 1846,SV Werder Bremen
2025-10-18 00:00,Bayern Munchen,Dortmund
2025-10-18 00:00,Angers SCO,Monaco
2025-10-18 00:00,Saint-Étienne,Le Mans
2025-10-18 00:00,Spezia Calcio,Cesena
2025-10-18 00:00,VfL Bochum,Hertha BSC
2025-10-18 00:00,Leicester,Portsmouth
2025-10-18 00:00,Roma,Internazionale Milano
2025-10-18 00:00,Olympique de Marseille,Le Havre
2025-10-18 00:00,Real Zaragoza,Cultural Leonesa
2025-10-18 00:00,Club Atletico de Madrid,CA Osasuna
2025-10-19 00:00,CD Castellon,Albacete
2025-10-19 00:00,Como 1907,Juventus
2025-10-19 00:00,SSV Ulm 1846,Energie Cottbus
2025-10-19 00:00,1. FC Nurnberg,Holstein Kiel
2025-10-19 00:00,CD Leganes,Malaga
2025-10-19 00:00,Getafe,Real Madrid
2025-10-19 00:00,Tottenham,Aston Villa
2025-10-19 00:00,SV 07 Elversberg,SpVgg Greuther Furth
2025-10-19 00:00,Cagliari Calcio,Bologna FC 1909
2025-10-19 00:00,Racing Club de Lens,Paris
2025-10-19 00:00,Genoa CFC,Parma Calcio 1913
2025-10-19 00:00,Real Valladolid,Sporting Gijon
2025-10-19 00:00,Alanya,Goztepe
2025-10-19 00:00,Palermo,Modena
2025-10-19 00:00,Elche,Athletic Club
2025-10-19 00:00,Kayseri,Samsun
2025-10-19 00:00,SC Freiburg,Frankfurt
2025-10-19 00:00,TSV 1860 Munchen,MSV Duisburg
2025-10-19 00:00,Stade Rennais FC 1901,AJ Auxerre
2025-10-19 00:00,Gaziantep,Antalya
2025-10-19 00:00,RC Celta de Vigo,Real Sociedad de Futbol
2025-10-19 00:00,Cordoba,UD Almeria
2025-10-19 00:00,Liverpool,Manchester Utd
2025-10-19 00:00,St. Pauli 1910,TSG 1899 Hoffenheim
2025-10-19 00:00,Lorient,Stade Brestois 29
2025-10-19 00:00,Toulouse,Metz
2025-10-19 00:00,Racing Santander,Deportivo La Coruña
2025-10-19 00:00,Milan,ACF Fiorentina
2025-10-19 00:00,Nantes,Lille OSC
2025-10-19 00:00,Levante UD,Rayo Vallecano de Madrid
2025-10-19 00:00,TSV Havelse,Jahn Regensburg
2025-10-19 00:00,Fenerbahce,Karagumruk
2025-10-19 00:00,UD Las Palmas,SD Eibar
2025-10-19 00:00,Empoli,Venezia
2025-10-19 00:00,SV Darmstadt 98,1. FC Magdeburg
2025-10-19 00:00,Atalanta BC,SS Lazio
2025-10-19 00:00,US Catanzaro,Calcio Padova
2025-10-20 00:00,Eyup,Kasimpasa
2025-10-20 00:00,Cadiz,Burgos
2025-10-20 00:00,Nancy Lorraine,Amiens SC
2025-10-20 00:00,US Cremonese,Udinese Calcio
2025-10-20 00:00,Deportivo Alaves,Valencia
2025-10-20 00:00,West Ham,Brentford
2025-10-21 00:00,Blackburn Rovers,Sheffield United
2025-10-21 00:00,Derby County,Norwich City
2025-10-21 00:00,Hull City AFC,Leicester
2025-10-21 00:00,Ipswich Town,Charlton Athletic
2025-10-21 00:00,Millwall,Stoke City
2025-10-21 00:00,Portsmouth,Coventry City
2025-10-21 00:00,Preston North End,Birmingham City
2025-10-21 00:00,Bristol City,Southampton
2025-10-22 00:00,Rize,Basaksehir
2025-10-22 00:00,Swansea City AFC,Queens Park Rangers
2025-10-22 00:00,Konya,Besiktas
2025-10-22 00:00,Sheffield Wednesday,Middlesbrough
2025-10-22 00:00,Watford,West Bromwich Albion
2025-10-22 00:00,Wrexham AFC,Oxford United
2025-10-24 00:00,Stade de Reims,ESTAC Troyes
2025-10-24 00:00,Pau,USL Dunkerque
2025-10-24 00:00,Le Mans,US Boulogne
2025-10-24 00:00,SpVgg Greuther Furth,Karlsruher SC
2025-10-24 00:00,Schalke,SV Darmstadt 98
2025-10-24 00:00,SV Wehen Wiesbaden,Alemannia Aachen
2025-10-24 00:00,EA Guingamp,Clermont Foot 63
2025-10-24 00:00,Karagumruk,Kayseri
2025-10-24 00:00,Red Star,Grenoble Foot 38
2025-10-24 00:00,Modena,Empoli
2025-10-24 00:00,Alverca,Gil Vicente
2025-10-24 00:00,Preston North End,Sheffield United
2025-10-24 00:00,Real Sociedad de Futbol,Sevilla
2025-10-24 00:00,SV Werder Bremen,1. FC Union Berlin
2025-10-24 00:00,Milan,Pisa 1909
2025-10-24 00:00,Paris,Nantes
2025-10-24 00:00,SD Huesca,UD Las Palmas
2025-10-24 00:00,Leeds United,West Ham
2025-10-25 00:00,Waldhof Mannheim,TSV 1860 Munchen
2025-10-25 00:00,Holstein Kiel,VfL Bochum
2025-10-25 00:00,Arminia Bielefeld,SV 07 Elversberg
2025-10-25 00:00,Dynamo Dresden,SC Paderborn 07
2025-10-25 00:00,Amiens SC,Rodez AF
2025-10-25 00:00,Energie Cottbus,TSV Havelse
2025-10-25 00:00,Cultural Leonesa,AD Ceuta
2025-10-25 00:00,Ingolstadt 04,1. FC Saarbrucken
2025-10-25 00:00,US Avellino,Spezia Calcio
2025-10-25 00:00,Jahn Regensburg,VfB Stuttgart II
2025-10-25 00:00,SC Verl,SSV Ulm 1846
2025-10-25 00:00,Hamburger SV,VfL Wolfsburg
2025-10-25 00:00,Ipswich Town,West Bromwich Albion
2025-10-25 00:00,Montpellier HSC,Nancy Lorraine
2025-10-25 00:00,Newcastle,Fulham
2025-10-25 00:00,Middlesbrough,Wrexham AFC
2025-10-25 00:00,Sheffield Wednesday,Oxford United
2025-10-25 00:00,Monza,Reggiana 1919
2025-10-25 00:00,Sudtirol,Cesena
2025-10-25 00:00,Chelsea,Sunderland AFC
2025-10-25 00:00,Sampdoria,Frosinone Calcio
2025-10-25 00:00,Parma Calcio 1913,Como 1907
2025-10-25 00:00,Swansea City AFC,Norwich City
2025-10-25 00:00,Bristol City,Birmingham City
2025-10-25 00:00,Derby County,Queens Park Rangers
2025-10-25 00:00,Hull City AFC,Charlton Athletic
2025-10-25 00:00,Millwall,Leicester
2025-10-25 00:00,Blackburn Rovers,Southampton
2025-10-25 00:00,Virtus Entella,Delfino Pescara
2025-10-25 00:00,Girona,Real Oviedo
2025-10-25 00:00,RCD Espanyol de Barcelona,Elche
2025-10-25 00:00,Coventry City,Watford
2025-10-25 00:00,Dortmund,1. FC Koln
2025-10-25 00:00,SD Eibar,CD Leganes
2025-10-25 00:00,Frankfurt,St. Pauli 1910
2025-10-25 00:00,1. FC Schweinfurt 05,VfL Osnabruck
2025-10-25 00:00,Granada,Cadiz
2025-10-25 00:00,TSG 1899 Hoffenheim,1. FC Heidenheim 1846
2025-10-25 00:00,Carrarese Calcio,Venezia
2025-10-25 00:00,Brentford,Liverpool
2025-10-25 00:00,Kocaelispor,Alanya
2025-10-25 00:00,Manchester Utd,Brighton
2025-10-25 00:00,Burgos,Real Sociedad B
2025-10-25 00:00,Udinese Calcio,US Lecce
2025-10-25 00:00,Monchengladbach,Bayern Munchen
2025-10-25 00:00,SSC Napoli,Internazionale Milano
2025-10-25 00:00,Racing Club de Lens,Olympique de Marseille
2025-10-25 00:00,Stade Brestois 29,Paris Saint-Germain
2025-10-25 00:00,US Catanzaro,Palermo
2025-10-25 00:00,Augsburg,Leipzig
2025-10-25 00:00,CD Santa Clara,AVS
2025-10-25 00:00,Athletic Club,Getafe
2025-10-25 00:00,Monaco,Toulouse
2025-10-25 00:00,Annecy,Saint-Étienne
2025-10-25 00:00,Trabzon,Eyup
2025-10-25 00:00,Portsmouth,Stoke City
2025-10-25 00:00,Sport Lisboa e Benfica,Arouca
2025-10-25 00:00,CD Mirandes,Racing Santander
2025-10-25 00:00,CF Estrela da Amadora,Rio Ave
2025-10-25 00:00,US Cremonese,Atalanta BC
2025-10-25 00:00,Valencia,Villarreal
2025-10-25 00:00,Albacete,Cordoba
2025-10-25 00:00,Hertha BSC,Fortuna Dusseldorf
2025-10-26 00:00,Aston Villa,Manchester City
2025-10-26 00:00,Galatasaray,Goztepe
2025-10-26 00:00,AFC Bournemouth,Nottingham Forest
2025-10-26 00:00,Torino,Genoa CFC
2025-10-26 00:00,1. FC Magdeburg,Preußen Munster
2025-10-26 00:00,Antalya,Basaksehir
2025-10-26 00:00,Eintracht Braunschweig,Hannover 96
2025-10-26 00:00,Malaga,Andorra
2025-10-26 00:00,Calcio Padova,Juve Stabia
2025-10-26 00:00,Hellas Verona,Cagliari Calcio
2025-10-26 00:00,Hoffenheim II,Erzgebirge Aue
2025-10-26 00:00,Wolves,Burnley
2025-10-26 00:00,Viktoria Koln,Hansa Rostock
2025-10-26 00:00,RCD Mallorca,Levante UD
2025-10-26 00:00,US Sassuolo Calcio,Roma
2025-10-26 00:00,GD Estoril Praia,CD Nacional
2025-10-26 00:00,1. FC Kaiserslautern,1. FC Nurnberg
2025-10-26 00:00,Famalicão,Vitoria Guimarães
2025-10-26 00:00,Lille OSC,Metz
2025-10-26 00:00,Leverkusen,SC Freiburg
2025-10-26 00:00,UD Almeria,CD Castellon
2025-10-26 00:00,ACF Fiorentina,Bologna FC 1909
2025-10-26 00:00,Arsenal,Crystal Palace
2025-10-26 00:00,SSC Bari,Mantova 1911 SSD
2025-10-26 00:00,Stuttgart,1. FSV Mainz 05
2025-10-26 00:00,Real Madrid,Barcelona
2025-10-26 00:00,AJ Auxerre,Le Havre
2025-10-26 00:00,Angers SCO,Lorient
2025-10-26 00:00,Stade Rennais FC 1901,OGC Nice
2025-10-26 00:00,Sporting Gijon,Real Zaragoza
2025-10-26 00:00,Everton,Tottenham
2025-10-26 00:00,Sporting Clube de Braga,Casa Pia
2025-10-26 00:00,CD Tondela,Sporting Clube de Portugal
2025-10-26 00:00,MSV Duisburg,Rot-Weiss Essen
2025-10-26 00:00,Kasimpasa,Besiktas
2025-10-26 00:00,Deportivo La Coruña,Real Valladolid
2025-10-26 00:00,Rayo Vallecano de Madrid,Deportivo Alaves
2025-10-26 00:00,SS Lazio,Juventus
2025-10-26 00:00,Genclerbirligi,Konya
2025-10-26 00:00,CA Osasuna,RC Celta de Vigo
2025-10-26 00:00,Olympique Lyonnais,RC Strasbourg Alsace
2025-10-27 00:00,Real Betis Balompie,Club Atletico de Madrid
2025-10-27 00:00,Moreirense,Porto
2025-10-27 00:00,Samsun,Rize
2025-10-27 00:00,Gaziantep,Fenerbahce
2025-10-28 00:00,Frosinone Calcio,Virtus Entella
2025-10-28 00:00,Nancy Lorraine,SC Bastia
2025-10-28 00:00,Delfino Pescara,US Avellino
2025-10-28 00:00,Palermo,Monza
2025-10-28 00:00,Reggiana 1919,Modena
2025-10-28 00:00,Empoli,Sampdoria
2025-10-28 00:00,Cesena,Carrarese Calcio
2025-10-28 00:00,US Lecce,SSC Napoli
2025-10-28 00:00,Rodez AF,Annecy
2025-10-28 00:00,ESTAC Troyes,Amiens SC
2025-10-28 00:00,Clermont Foot 63,Montpellier HSC
2025-10-28 00:00,Saint-Étienne,Pau
2025-10-28 00:00,Atalanta BC,Milan
2025-10-28 00:00,Grenoble Foot 38,EA Guingamp
2025-10-28 00:00,USL Dunkerque,Red Star
2025-10-28 00:00,Stade Lavallois,Le Mans
2025-10-28 00:00,US Boulogne,Stade de Reims
2025-10-29 00:00,Roma,Parma Calcio 1913
2025-10-29 00:00,OGC Nice,Lille OSC
2025-10-29 00:00,Le Havre,Stade Brestois 29
2025-10-29 00:00,Lorient,Paris Saint-Germain
2025-10-29 00:00,Spezia Calcio,Calcio Padova
2025-10-29 00:00,Juventus,Udinese Calcio
2025-10-29 00:00,Como 1907,Hellas Verona
2025-10-29 00:00,Mantova 1911 SSD,US Catanzaro
2025-10-29 00:00,Metz,Racing Club de Lens
2025-10-29 00:00,Bologna FC 1909,Torino
2025-10-29 00:00,Internazionale Milano,ACF Fiorentina
2025-10-29 00:00,Toulouse,Stade Rennais FC 1901
2025-10-29 00:00,Genoa CFC,US Cremonese
2025-10-29 00:00,Venezia,Sudtirol
2025-10-29 00:00,RC Strasbourg Alsace,AJ Auxerre
2025-10-29 00:00,Paris,Olympique Lyonnais
2025-10-29 00:00,Nantes,Monaco
2025-10-29 00:00,Olympique de Marseille,Angers SCO
2025-10-30 00:00,Cagliari Calcio,US Sassuolo Calcio
2025-10-30 00:00,Pisa 1909,SS Lazio
2025-10-31 00:00,Preußen Munster,Holstein Kiel
2025-10-31 00:00,Annecy,US Boulogne
2025-10-31 00:00,EA Guingamp,Stade Lavallois
2025-10-31 00:00,Montpellier HSC,Rodez AF
2025-10-31 00:00,Basaksehir,ocaelispor
2025-10-31 00:00,Viktoria Koln,Ingolstadt 04
2025-10-31 00:00,SV 07 Elversberg,Hannover 96
2025-10-31 00:00,SC Bastia,Clermont Foot 63
2025-10-31 00:00,Le Mans,Nancy Lorraine
2025-10-31 00:00,Wrexham AFC,Coventry City
2025-10-31 00:00,Augsburg,Dortmund
2025-10-31 00:00,Getafe,Girona
2025-10-31 00:00,Racing Santander,Real Sociedad B
2025-10-31 00:00,Sporting Clube de Portugal,Alverca
2025-11-01 00:00,West Bromwich Albion,Sheffield Wednesday
2025-11-01 00:00,US Avellino,Reggiana 1919
2025-11-01 00:00,Karlsruher SC,Schalke
2025-11-01 00:00,1. FC Nurnberg,Eintracht Braunschweig
2025-11-01 00:00,Stade de Reims,USL Dunkerque
2025-11-01 00:00,Watford,Middlesbrough
2025-11-01 00:00,Erzgebirge Aue,Jahn Regensburg
2025-11-01 00:00,SSV Ulm 1846,VfB Stuttgart II
2025-11-01 00:00,VfL Osnabruck,MSV Duisburg
2025-11-01 00:00,TSV Havelse,SV Wehen Wiesbaden
2025-11-01 00:00,TSV 1860 Munchen,Energie Cottbus
2025-11-01 00:00,Norwich City,Hull City AFC
2025-11-01 00:00,Hertha BSC,Dynamo Dresden
2025-11-01 00:00,Amiens SC,Grenoble Foot 38
2025-11-01 00:00,Oxford United,Millwall
2025-11-01 00:00,Sheffield United,Derby County
2025-11-01 00:00,Villarreal,Rayo Vallecano de Madrid
2025-11-01 00:00,Burnley,Arsenal
2025-11-01 00:00,Calcio Padova,Sudtirol
2025-11-01 00:00,Birmingham City,Portsmouth
2025-11-01 00:00,Udinese Calcio,Atalanta BC
2025-11-01 00:00,Brighton,Leeds United
2025-11-01 00:00,Queens Park Rangers,Ipswich Town
2025-11-01 00:00,Fulham,Wolves
2025-11-01 00:00,Nottingham Forest,Manchester Utd
2025-11-01 00:00,Charlton Athletic,Swansea City AFC
2025-11-01 00:00,Leicester,Blackburn Rovers
2025-11-01 00:00,Stoke City,Bristol City
2025-11-01 00:00,Crystal Palace,Brentford
2025-11-01 00:00,Carrarese Calcio,Frosinone Calcio
2025-11-01 00:00,Southampton,Preston North End
2025-11-01 00:00,Goztepe,Genclerbirligi
2025-11-01 00:00,Casa Pia,CF Estrela da Amadora
2025-11-01 00:00,1. FC Heidenheim 1846,Frankfurt
2025-11-01 00:00,CD Leganes,Burgos
2025-11-01 00:00,Hansa Rostock,SC Verl
2025-11-01 00:00,CD Nacional,Famalicão
2025-11-01 00:00,Leipzig,Stuttgart
2025-11-01 00:00,Tottenham,Chelsea
2025-11-01 00:00,1. FC Union Berlin,SC Freiburg
2025-11-01 00:00,SSC Napoli,Como 1907
2025-11-01 00:00,Virtus Entella,Empoli
2025-11-01 00:00,Club Atletico de Madrid,Sevilla
2025-11-01 00:00,Paris Saint-Germain,OGC Nice
2025-11-01 00:00,SV Darmstadt 98,Arminia Bielefeld
2025-11-01 00:00,St. Pauli 1910,Monchengladbach
2025-11-01 00:00,US Cremonese,Juventus
2025-11-01 00:00,Cultural Leonesa,CD Mirandes
2025-11-01 00:00,Palermo,Delfino Pescara
2025-11-01 00:00,Rio Ave,GD Estoril Praia
2025-11-01 00:00,Albacete,SD Huesca
2025-11-01 00:00,Bayern Munchen,Leverkusen
2025-11-01 00:00,Monaco,Paris
2025-11-01 00:00,Red Star,Saint-Étienne
2025-11-01 00:00,Galatasaray,Trabzon
2025-11-01 00:00,Real Sociedad de Futbol,Athletic Club
2025-11-01 00:00,Liverpool,Aston Villa
2025-11-01 00:00,UD Almeria,SD Eibar
2025-11-01 00:00,Vitoria Guimarães,Sport Lisboa e Benfica
2025-11-01 00:00,Real Madrid,Valencia
2025-11-01 00:00,AJ Auxerre,Olympique de Marseille
2025-11-01 00:00,1. FSV Mainz 05,SV Werder Bremen
2025-11-02 00:00,Konya,Samsun
2025-11-02 00:00,West Ham,Newcastle
2025-11-02 00:00,Hellas Verona,Internazionale Milano
2025-11-02 00:00,VfL Bochum,1. FC Magdeburg
2025-11-02 00:00,US Catanzaro,Venezia
2025-11-02 00:00,Hoffenheim II,Waldhof Mannheim
2025-11-02 00:00,SC Paderborn 07,SpVgg Greuther Furth
2025-11-02 00:00,Andorra,Cadiz
2025-11-02 00:00,Sporting Gijon,UD Las Palmas
2025-11-02 00:00,Rot-Weiss Essen,1. FC Schweinfurt 05
2025-11-02 00:00,Modena,Juve Stabia
2025-11-02 00:00,ACF Fiorentina,US Lecce
2025-11-02 00:00,Stade Rennais FC 1901,RC Strasbourg Alsace
2025-11-02 00:00,Cordoba,AD Ceuta
2025-11-02 00:00,1. FC Koln,Hamburger SV
2025-11-02 00:00,AVS,CD Tondela
2025-11-02 00:00,Levante UD,RC Celta de Vigo
2025-11-02 00:00,Kayseri,Kasimpasa
2025-11-02 00:00,SSC Bari,Cesena
2025-11-02 00:00,Torino,Pisa 1909
2025-11-02 00:00,Milan,Roma
2025-11-02 00:00,Arouca,Moreirense
2025-11-02 00:00,Fortuna Dusseldorf,1. FC Kaiserslautern
2025-11-02 00:00,VfL Wolfsburg,TSG 1899 Hoffenheim
2025-11-02 00:00,Parma Calcio 1913,Bologna FC 1909
2025-11-02 00:00,Manchester City,AFC Bournemouth
2025-11-02 00:00,Toulouse,Le Havre
2025-11-02 00:00,Real Betis Balompie,RCD Mallorca
2025-11-02 00:00,Lille OSC,Angers SCO
2025-11-02 00:00,CD Castellon,Malaga
2025-11-02 00:00,Nantes,Metz
2025-11-02 00:00,Racing Club de Lens,Lorient
2025-11-02 00:00,Barcelona,Elche
2025-11-02 00:00,Alemannia Aachen,1. FC Saarbrucken
2025-11-02 00:00,Besiktas,Fenerbahce
2025-11-02 00:00,Real Zaragoza,Deportivo La Coruña
2025-11-02 00:00,Deportivo Alaves,RCD Espanyol de Barcelona
2025-11-02 00:00,Porto,Sporting Clube de Braga
2025-11-02 00:00,Monza,Spezia Calcio
2025-11-02 00:00,Sampdoria,Mantova 1911 SSD
2025-11-02 00:00,Stade Brestois 29,Olympique Lyonnais
2025-11-03 00:00,Alanya,Gaziantep
2025-11-03 00:00,Eyup,Antalya
2025-11-03 00:00,Real Valladolid,Granada
2025-11-03 00:00,US Sassuolo Calcio,Genoa CFC
2025-11-03 00:00,Rize,Karagumruk
2025-11-03 00:00,Sunderland AFC,Everton
2025-11-03 00:00,Gil Vicente,CD Santa Clara
2025-11-03 00:00,Real Oviedo,CA Osasuna
2025-11-03 00:00,SS Lazio,Cagliari Calcio
2025-11-03 00:00,Pau,ESTAC Troyes
2025-11-04 00:00,Charlton Athletic,West Bromwich Albion
2025-11-04 00:00,Bristol City,Blackburn Rovers
2025-11-04 00:00,Derby County,Hull City AFC
2025-11-04 00:00,Birmingham City,Millwall
2025-11-04 00:00,Oxford United,Stoke City
2025-11-04 00:00,Coventry City,Sheffield United
2025-11-04 00:00,Ipswich Town,Watford
2025-11-04 00:00,Leicester,Middlesbrough
2025-11-05 00:00,Preston North End,Swansea City AFC
2025-11-05 00:00,Queens Park Rangers,Southampton
2025-11-05 00:00,Sheffield Wednesday,Norwich City
2025-11-05 00:00,Portsmouth,Wrexham AFC
2025-11-07 00:00,Paris,Stade Rennais FC 1901
2025-11-07 00:00,Pisa 1909,US Cremonese
2025-11-07 00:00,GD Estoril Praia,Arouca
2025-11-07 00:00,SV Werder Bremen,VfL Wolfsburg
2025-11-07 00:00,Watford,Bristol City
2025-11-07 00:00,Elche,Real Sociedad de Futbol
2025-11-08 00:00,Wrexham AFC,Charlton Athletic
2025-11-08 00:00,Everton,Fulham
2025-11-08 00:00,Millwall,Preston North End
2025-11-08 00:00,US Lecce,Hellas Verona
2025-11-08 00:00,Middlesbrough,Birmingham City
2025-11-08 00:00,Hull City AFC,Portsmouth
2025-11-08 00:00,Girona,Deportivo Alaves
2025-11-08 00:00,Swansea City AFC,Ipswich Town
2025-11-08 00:00,West Ham,Burnley
2025-11-08 00:00,Norwich City,Leicester
2025-11-08 00:00,Sheffield United,Queens Park Rangers
2025-11-08 00:00,Southampton,Sheffield Wednesday
2025-11-08 00:00,Stoke City,Coventry City
2025-11-08 00:00,Blackburn Rovers,Derby County
2025-11-08 00:00,West Bromwich Albion,Oxford United
2025-11-08 00:00,Como 1907,Cagliari Calcio
2025-11-08 00:00,Sevilla,CA Osasuna
2025-11-08 00:00,Tottenham,Manchester Utd
2025-11-08 00:00,Leverkusen,1. FC Heidenheim 1846
2025-11-08 00:00,Alverca,Rio Ave
2025-11-08 00:00,Club Atletico de Madrid,Levante UD
2025-11-08 00:00,Hamburger SV,Dortmund
2025-11-08 00:00,Olympique de Marseille,Stade Brestois 29
2025-11-08 00:00,Sunderland AFC,Arsenal
2025-11-08 00:00,Juventus,Torino
2025-11-08 00:00,CD Tondela,Vitoria Guimarães
2025-11-08 00:00,1. FC Union Berlin,Bayern Munchen
2025-11-08 00:00,Le Havre,Nantes
2025-11-08 00:00,Chelsea,Wolves
2025-11-08 00:00,CD Santa Clara,Sporting Clube de Portugal
2025-11-08 00:00,Parma Calcio 1913,Milan
2025-11-08 00:00,RCD Espanyol de Barcelona,Villarreal
2025-11-08 00:00,Monaco,Racing Club de Lens
2025-11-08 00:00,Monchengladbach,1. FC Koln
2025-11-08 00:00,TSG 1899 Hoffenheim,Leipzig
2025-11-09 00:00,CF Estrela da Amadora,CD Nacional
2025-11-09 00:00,Atalanta BC,US Sassuolo Calcio
2025-11-09 00:00,Aston Villa,AFC Bournemouth
2025-11-09 00:00,Athletic Club,Real Oviedo
2025-11-09 00:00,Brentford,Newcastle
2025-11-09 00:00,SC Freiburg,St. Pauli 1910
2025-11-09 00:00,Lorient,Toulouse
2025-11-09 00:00,Bologna FC 1909,SSC Napoli
2025-11-09 00:00,AVS,Gil Vicente
2025-11-09 00:00,Manchester City,Liverpool
2025-11-09 00:00,Nottingham Forest,Leeds United
2025-11-09 00:00,Genoa CFC,ACF Fiorentina
2025-11-09 00:00,Crystal Palace,Brighton
2025-11-09 00:00,Olympique Lyonnais,Paris Saint-Germain
2025-11-09 00:00,Famalicão,Porto
2025-11-09 00:00,Valencia,Real Betis Balompie
2025-11-09 00:00,Rayo Vallecano de Madrid,Real Madrid
2025-11-09 00:00,RC Strasbourg Alsace,Lille OSC
2025-11-09 00:00,Angers SCO,AJ Auxerre
2025-11-09 00:00,Roma,Udinese Calcio
2025-11-09 00:00,Stuttgart,Augsburg
2025-11-09 00:00,RCD Mallorca,Getafe
2025-11-09 00:00,Frankfurt,1. FSV Mainz 05
2025-11-09 00:00,Sport Lisboa e Benfica,Casa Pia
2025-11-09 00:00,Internazionale Milano,SS Lazio
2025-11-09 00:00,Metz,OGC Nice
2025-11-09 00:00,Sporting Clube de Braga,Moreirense
2025-11-09 00:00,RC Celta de Vigo,Barcelona
